1,47y3PbX8oIDCkYAFylCJz0
2,5kPC4jpnCHJCPZSt2nIvAs
3,0KBF11gf3YptMiDg3b2oid
4,0z3nweFUGrzH2UZ0pohPAn
5,7ac3DjRUYz8efh3ALkmmyj
6,40ucxnGO51wcTGNI6xge6z
7,23M2AkW9tIhh8kE7J42Gm0
8,5kRhn7K8D7txVpIGGWfVCu
9,2wKCh8RRJKpAWYPW3Hy9Cn
10,05ofL0H4dSj3jCuzEtVzZN
11,00LaE2YT3EkPBED8vLyFvp
12,40QTqOBBxCEIQlLNdSjFQB
13,5XHNFt2jWhd2U82Z4EIRNo
14,5vRfIDOPJHy3W2wHWbzLlE
15,2Gq0ERke26yxdGuRvrqFTD
16,6uMBoMl43IIKHoCj8iVd7X
17,6oSHgr3TZJPCFshYUfBDqE
18,51SEWi6uHbuGSz22zi7G0s
19,0vXYXiLqUDBEfhZGJaIvJO
20,7q2B4M5EiBkqrlsNW8lB7N
21,71HM1CMYWeZzws8pyiEn46
22,7f9KDGqY7X2VLBM5aA66KM
23,100sbzLt8tFdeksrctxIG1
24,3tQd5mwBtVyxCoEo4htGAV
25,7viNUmZZ8ztn2UB4XB3jIL
26,6wDc63NhKy2PyXdbhkRmrl
27,08eM9GRdr5BCCHNqS3Wwud
28,0TyDTzG2zt2tg0wONT9wSU
29,7ijgeLAW3W3vZ9jf6tozFq
30,1sJIQRbfTwUKYNEnNn5y09
31,6uD4eu7o5D5ipgWazhBEVz
32,2HTbQ0RHwukKVXAlTmCZP2
33,3wUv2IjD5hPrqlPakpczQa
34,2sRdk7s8ObFBEn3ZoPmE5r
35,0eko1rPEW8mnBfcAEWXf7s
36,03eAYl0RTlxKCNatRyCupO
37,2ymwUMeW3BySLhKNp8UQZ3
38,15qLmAABocTCRBSbWWqL7K
39,7B370lQYQWhCuIzy1u1trg
40,7asvyIMzbsyAJpbC47wjBV
41,0zi2TaQkYxfXIBvl2yTjQJ
42,4IsexidLDl2iYaUawBXe4K
43,71RppRTVj4h0TRp4IexT3q
44,0WMr3ulx5Mzi1B3C8LsHVA
45,3mmsiTfdurVQwtBCO9MDD5
46,5dOpbgAmJeyoakKQ0QLWkR
47,2ODvWsOgouMbaA5xf0RkJe
48,0JD0qMaXG5kjJoiiNqYgDG
49,2DPmATqwTbFTztBvwT5V4b
50,64zynL0iUJGIArZBvqi39P
51,1aw8BypsoMxHNHnimHyYQa
52,7ibEo7IK9E9mi2sU5rJNDC
53,5s0rmjP8XOPhP6HhqOhuyC
54,22fC2LDiA1zJgUS9ru5GP5
55,5S4SuPHbaozi5PDedAONTG
56,2nkto6YNI4rUYTLqEwWJ3o
57,1cCAb1vN8uUsdfEylVmTLs
58,60uZsjVd3pN4lgT1nYzMxW
59,0ptlfJfwGTy0Yvrk14JK1I
60,4YlyGIwNW909P55cCU65r3
61,7FK1855C3n1Q0RKbmvl7ll
62,0zLrTSSibYcXOPXeR29lbD
63,6VFETcEfjilkAng073KLt9
64,1WBZyULtlANBKed7Zf9cDP
65,4Y9ISbppFbwk0r1XCLUi0I
66,7pzjvSb1joSC22KXBgnzjq
67,7dRdaGSxgcBdJnrOviQRuB
68,4F87p1aiFwHeU4uu65MaPV
69,6trNtQUgC8cgbWcqoMYkOR
70,4lSynJxg1TaU4Mv0t9qz4c
71,6ZksrxRWlJ7ExylPyJwfLJ
72,0CuYNS755Ow710G2E7aLDE
73,33TJ52PuwenGmysJrwMGCe
74,69nnJOr40uKMOFvB1sSKLp
75,31fWSZzClfdWKMb9PuCppR
76,7AxDMQqb7zoKyttU5Vg6c4
77,3f8RTmSOzMCPWxu7W60nE9
78,2viWIVEItaDlFH2RXWKwS7
79,4ycNE7y1rp5215g1kkqk1P
80,2XlHWtxKbJyl0Fiw3e7Vvl
81,3yB9FMGP6BYbRo6crRhgoY
82,36gXibm4tfQlooJaaChp7d
83,29STRG7wIt5L41sGuCMeyJ
84,3OrucS4sHv6Bl9GS4rafEk
85,1Mk7Lei0Ra3hawezqmad5V
86,55UT4Mjyt5RWjl10ScOt3l
87,7ec9v6u7tdwxjAmDUbIJbc
88,2yXnY2NiaZk9QiJJittS81
89,6YyFPAahBvVV74rRNdVmff
90,733e1ZfktLSwj96X5rsMeE
91,7xvBUHu5jJ7X0wdRHudLFD
92,547DJFUYOl2SBYJbo2jZX1
93,750APP0eKVlcgOxaZnBnVt
94,7yf9ZJyHRbp8sHtpDKfPpt
95,78Fgb88MY0ECc4GVMejqTg
96,6M1IwZsOOyBgmpKO75XPRj
97,7IGKyfuDgE7Tq4CpLhBjqX
98,6tkjU4Umpo79wwkgPMV3nZ
99,7naY6j4wcgUxfHB98G79CW
100,007DWn799UWvfY1wwZeENR
101,4wPNy4oz3tDjY3OEeHiOVq
102,6QgAHTXFBvzHAznTeL8AIc
103,6TNJNEulnWQNnq0o3N23Za
104,2zXJkApMEHfHuZxs6Z1pfA
105,0M4lbUN8xRLSxqk9AFbhzr
106,1Lr1TMh8vcdD3OvrzQTGVn
107,5xtAAHr59ozJ2PQ67utEmi
108,1jlIU9p7PChTK3AeqNpnsX
109,4ycVfKYYBPDzAcvyPX1feb
110,1RyJuFvHB1mIKGjynj533c
111,7BWL0mwzNfpb6rErEOl4Y5
112,6074OsmUN1PdFgy0zTP4Fn
113,5n1GSzC1Reao29ScnpLYqp
114,1J4REuUZfX1OjjQhi9whzA
115,7IvmRtuLsTlRZhRS6KUQRn
116,4HUUHHXBXImwksfbSPqE7q
117,4FFBjcmX06VmazABtpRMyv
118,4Mz9ZCE83IiaVC9ejMqxky
119,6Wsv1spcNRL8SMOWie5cdA
120,2WrNHOba5u6P9S9xEboaUy
121,06vukn88R2dOCd6sfMaogd
122,09Xf2KxWvXS88dd5OdTcu9
123,5wtE5aLX5r7jOosmPhJhhk
124,51wp3EOOp2mBIjhZjR7W0i
125,1GYVNOzwhx1nMcIJDogSNp
126,4GOi3yAVVcXeS1uYoLxnxx
127,52u4anZbHd6UInnmHRFzba
128,35K2EC0ekebCHw5sHn5i1B
129,3NooF98bglI3AGhuUys2Eb
130,2n3quCZ0anEa46j2IveacI
131,4I3EcXD4e3KcEoDJfFEZ5b
132,5uCEoLCj3ZZZ1EtzQdQWVl
133,7FYP4Y8W3UJK4YCN0efAi3
134,3YuHePPmc5VN4usLuIBT91
135,39xhYyNNDatQtgKw2KdXMz
136,3t6Z2qoBVCS4NHNI25XECH
137,5sY6UIQ32GqwMLAfSNEaXb
138,5So31JibrTO74WvuCozsAb
139,6HB5Nq7lSjvTs3gJom6BXI
140,5OsHMGOg6lRV9REoVxbcWA
141,7ae73nWyKrrH9wwGm97RIA
142,4iF44RCCybJtkBkMoqrLW2
143,6uhEg4ASZYLIilZFCBFy1r
144,2E5FdSQ0pyo7LHW7XxMYUi
145,2BLLERMxO0aiUF7XTkKAse
146,3LRX3Gq6TMcC8dNzM9Sv9d
147,2PFiZ23ZyPTcgwmXk4X6o0
148,278c24ae4JsSRpOEzlaghQ
149,1ZRAeQ6zsPJ5W1K3DvpRpP
150,4XG8PbJdMsYYniq4c4iuT8
151,1Sf8GsXG32t0jNrX11xqWx
152,4onCKKN1szjPnIxvQiTy9v
153,5NTOvCGu7HT4DgJGLXtKUU
154,0bwlrhBRjtqdy4eTlfg2UD
155,2StpBEWzqdGbmjY1d1Sj0D
156,7eJt0QB6bN6JiqoBTVO7KS
157,6lF4KtV8umj69N06QxdlUc
158,0imwCieoxougGmptrN1WAx
159,5dIpLbcrVyTzXGJO8xJmLe
160,6uwiZsz73ir5StQRNfvTa9
161,047eACsexCMwUJJjlfgs2X
162,0pdD5ojKQ5WdZRPBY5bfv4
163,7e7t0MCrNDcJZsPwUKjmOc
164,1R6vbGGXSEZZmTGn7ewwRL
165,1d0b8HYGGtpsvlAzLR9puz
166,59zpaLOByFkJhc9D5Xqna9
167,214f4uAY0p2KgY7Fl4fBgk
168,6wvVyjszPgOYh4rw9Hc3vC
169,3IO8IPjwXuzPJnoaqkwYrj
170,0ko4CFbaNn7kmdc8bGxeI8
171,3x7ZBAKLo5Crfz6WFHOZWw
172,7cekEHNPgpKwVd9kJE9G8F
173,15oJWOLzenaHHYqI88Jo7f
174,35obNd6fbY65iCgIOSkyN7
175,6wz4L2uLWKNFLZU7IcMykR
176,708kDa6raFC1CFOHv2t4lf
177,0qGdc7fNq9RNIPEzZufa43
178,3DjilJv8qFQZJhqBJKSEUP
179,27YzHBsMfq6RvPQxWiK9sC
180,4J5QtgOhv6tPCsxxifVskj
181,2nVgvPBLSbccEiXtO5MVMu
182,6DGCEJKSnaK626YgoElkjk
183,6wTyGUWGCilBFZ837k5aRi
184,5Hs43ta4vAYKRRRR7DKjt9
185,5tue3HeaFm6XHyYXhI1kww
186,0Tc5my8FR1K0OtBlUK0Rkn
187,53gOm5R7JN5DAkIuZymFOZ
188,1a8jksdUXqXfLGgYM0B3lI
189,27q3JlNTwpv5Zvf7yDReHH
190,6RqurAQm8N0ZwKPAruL22o
191,6LKKOFzf9eEtRIwhfw8frG
192,5Au36qvF8aJC1JBaJxnan7
193,3rNf2SErEqCBoyHVYEDNU9
194,0TMIeuykc2gfMc68YGppoh
195,2MyUrB5TINFfmDoXQZN6L2
196,348RaDPwPjLrHueSz1xUSo
197,5VOW9zYV8KoErvgrLYqKR2
198,7gGJ9rNtigRF53dsFo48Wp
199,4P3x3MxVxNUBN0y7z98RC3
200,3uiRxBPxofovB9Idhm0z9G
201,6RKwoaGftOUrIugxRIBPqZ
202,7a88PGt4uDbSDG4BrXy5Nv
203,69CmkikTHkGKdkrUZTtyWl
204,2SCQAZZ5pc90l9SPBsWCIQ
205,1S7KWH0szrqutOvzsqxiBv
206,2amCTXV3JjDObBU5Q2x6VK
207,5Ptb745JTuc2YNBNwZGBHz
208,051k93izd0reEjp85OgEo6
209,3PWMJOeLmMaOb4l22O3u7n
210,0U578dQAanKmYDKCvqk2P3
211,4SnWrk06dIt4ynFRLpNX6e
212,4QUNWTw2FsIz722xjUjFJw
213,2IyDwfojST8q3OwSA5wLWY
214,5j9vFsTPY5wKRdmZcuoUN6
215,0sl62xHit6SvrH7tkMVeKU
216,14dr5PxXq3fjC7Yu5vxz5A
217,1ZAEMU1aaMpCQXKLJiuI7Q
218,4dSnZ8uBuRx54KXM4YL5ek
219,1pFaEu56zqpzSviJc3htZN
220,18sKqGhmvXhfhgnzu3uj0T
221,3SNpwvPDO9MfNJCJwhNCd7
222,47kzblYQZC439seeROq90P
223,2UwJ4Nt10VStLczYefhcEV
224,3nQBU1EusuOXX4WaCOcytg
225,08WwBA0maVmt0ZaMXJwVzK
226,3TGhMWM9dn0O5BFfPAMoKg
227,6djndSUOt3l5SJRc1wHdml
228,2cULL7lcy0pCCpCRJsUZck
229,5KpXrrCr4CUtNVzXZqlsNj
230,20r762YmB5HeofjMCiPMLv
231,5LuoozUhs2pl3glZeAJl89
232,2zwyBK8ea29FqWuY8IiRJu
233,2nJapeqTbOhnhHUhh5tzpB
234,7dAm8ShwJLFm9SaJ6Yc58O
235,7ilMGv7d9zo5DF6k87qv7w
236,4eAiHYd3nih3os2BqHm0vt
237,2XzS57dXLOu3NEc16po6ny
238,4b1O0EhdLPCCS1cGQHJPJ5
239,20XfOL0gmcOQhupwC2bMDj
240,3dNsHWAS8t7AiAqj9ofG5T
241,3RaK95jcB6YrjBiBEp32Dd
242,5aLv3GEsYoPxQ4vSY6tTtD
243,6dfvPTvlULmUIDquMKW01i
244,6VgezIprQUKXDnUDwOaUiB
245,4DGNmFH2q7WEtFI88geAmu
246,5g2INX6dnMIJG0xKygXwF3
247,4kztTaq5iUKFXuWj06wbRM
248,7hEgFnAICf8FqaERqmehOT
249,6XSJBqlAz6Eepb60WqmGpH
250,4Dn7V8EU84yPMe03MsefyU
251,6CvBb1XqN0igtQrWrbXD80
252,1ncKJe7KEBmQEpvTH9GIp6
253,0N2uU96Vsuy7KJZY6T8plb
254,7AvdSuKYkwzJA8upKuW6zz
255,65RKrIZcLbaspDjt5TFS96
256,410i9y36CDNPPbXGn7wseR
257,52Buhte2zLFUEdbQFVsxNd
258,6rcbbhcm8Os7EiVRHP9Aef
259,1FsFHXroF1ILBdVyBRMt3A
260,6TZsYfI8Ab9dVgowFChQe0
261,5pMiGO7ETSDq0eiOLTKhRN
262,1fhJxvLoBB7tdxQVZhBpfB
263,0XP8bCV2nMHift8qNmoUFC
264,4sS5IjHR0YOJQdSTQ8whWz
265,6xlQNGdro3cCcn8v1ZEGm3
266,340MjPcVdiQRnMigrPybZA
267,1FWA9aPa4SZwwdarkTxddN
268,3ugl2jPGj4el2Mohb9OuUL
269,1zBSGWTGqEdOAHqD6TelqR
270,4W0UHmB35BRaSp8gge7x73
271,3wINP6SbT7TqiaYGo3Lj8f
272,1A3qm3x2HsHkN7R3qTyqHI
273,4QzaueQPQa0lqrMmQoh4v0
274,3Gl28UI0f8xU2DAhaXWz04
275,2WmJ5wp5wKBlIJE6FDAIBJ
276,3SpBlxme9WbeQdI9kx7KAV
277,65LaTW7Q12QKrF9xcMFN8M
278,5xqQtdlJUY7Fg4BMp13LrX
279,5aSofcF0U90UxJaDr62r6X
280,2rLqUcipEjIKK9rma5OTN8
281,50590zy2jXipuPgHomTXgv
282,6VJOdsTzvm63vr6yxjyQ5R
283,0LHbZU7W1AoKLLqNTKGsm0
284,6GRcZgVUWALGxdPQ5ENi27
285,0ed1FTetxxPugDhD5KmLeY
286,33ls0tmm8ljjk3cuF14QyL
287,1eVrpJbHRLBbioB9sb5b94
288,5CnpZV3q5BcESefcB3WJmz
289,6zM1MGaT78XpcGc1vq9u1G
290,2s9lnQsoJayvQsf0nFqcmD
291,2EeIJjbSBZO5LBfutIqM2a
292,4wn9wcP2D71SyiB7KbVKMy
293,44A6I4xmIftjBJte93wrmw
294,0dpdGARiCe10Wz4Fo67lmr
295,7sX9VE0I4zbslanrLXR5aR
296,0d1BFY8z15vye3KjtLvF3u
297,03YrYONuI0v8UYs293Myn6
298,4FZ2ilW8I4HxVz0gWEYzX2
299,63ypakNyLDCYERVQz17caO
300,084WGSgugXmYrsJRMeIRaB
301,0j3OpOzAqEQ21GCSKX57IT
302,6aykjKLEjXp8zPpISqIFcr
303,2aOPyH6k96e4TDJkEivOC9
304,0345WPzPBSeISh2IpIQWxT
305,6mdPxVCQqK8BssQRF0zNZh
306,1ve4FkIf7ZCK9rq6PtRK0l
307,313M3ilhNpz3pYARK7BVAs
308,3SQ241ZHfGypGbcvvpz9zx
309,5n08iLe0rtrvQ3wg3UhWN3
310,1xFoRn9DxZXwPjEdGnw800
311,3raeLaYMyhfb67HgnnNrsg
312,6yhxvEpEU3smpzc3RrWJa6
313,2rhZNMom0WgyCfamtuvsKZ
314,0CzPQGFqw7pO6SnPkf3RkJ
315,3s4uzffoGode9dbtELaVEp
316,7u5HspV3ujyrj902ob70LR
317,2M9Un0Qyv2joqY4bLeWumh
318,77Hj5PiiIlIxI8l87wwVc1
319,1q5ycMFoWlf8xgHKOoFAZx
320,29zIx0zEEOHHy7wYqKrcyo
321,5mfu4PYgYHbDBUvfCcAMVy
322,79BdtaUjuoNWFUdl3FbS0v
323,5MS3MvWHJ3lOZPLiMxzOU6
324,2FD6g8bXEn2uQMYbeqqoCg
325,0FYvMdfTfYJxnJnKs1wDb0
326,1HTdVIlFgO8o2Oby5rdXs0
327,59hIIDzaPSH5O3QSz4zX0t
328,4I00tpvL54vnWy49vH5fRK
329,73wpA6cBZPGR7MFFLet4xz
330,3QA68hsAUFPxoys8NGNtjs
331,1nP2b8dTaVUvvAOyRbDoBe
332,2XlxXuumhYX4lIU2nXoUXw
333,4LDKeMhuzPUzekNfeWrzRl
334,5o1xUBd8aM7qFhjlBXiIpb
335,0gBApcXn5P14zuoBj27Uxd
336,5qPgB3OSDv3KfALFg1PZwe
337,6ZDt6HZAFajVtwvNOjJb2b
338,49OQ6tF3eo3Fdgp3GMhHep
339,3LSep2wdPolkSYoB1QB7IV
340,2clsCCVAKCSc7PcwJ7uFLW
341,0A4xJz6OAedAQGriJH7pjn
342,07AiRVrtrniKqkxHpLLY2g
343,4Uv7QjKaAq1mFO7aYzk4Xc
344,4D0WwN3ZWPdVqGLYRQw7pd
345,4Lo6GJMW4ctfhtuCqMkn1O
346,3lGERq1ZXRcK9x7uSggz3q
347,2MTfZnikwjrMJ20QSomF5j
348,4JUp6qReEgKfOP76grq6v0
349,1oKYKiAwR31eJvkRwpQVrb
350,11KPzNJd5GlFhb1R11cZVr
351,0tk8XMpaIuk587IlC8aIfP
352,40dnVvzZfYX0330N1VqN89
353,0dzZgJ3jzWe2WD7rG6nPaE
354,3jDmDOYQ3fN2XDqO9euRD5
355,4vjE6Rgl5z6K2PhrAtIA7O
356,54x77I85ZNITP0wvN07CVT
357,43AaQNHNlJlf8F2iQkivyx
358,42jB9RVqk28zOVbbKhSMX1
359,0R87OEh0NzfdjavsrmrGtj
360,7qFvB2y0azbdCp9j1dyRai
361,1ia27ME4iQkoIyUHBnJqX6
362,5LZiWbqOpj6g8uxSHch12S
363,5Co3CGD9lBQVNnn7q0px1g
364,4WS18QYpvlKrKB7LtcRg0u
365,4MajX5vPeY4cX5pv6rf0sA
366,2cWBwpqMsDJC1ZUwz813lo
367,5VcOoSq5hMQb3bNa0sBKOe
368,2ge7Lk4Sl7hHs4AYxqDbf1
369,0BHa0ePkvGAVKymB4FU58m
370,4lhyg7YGQagE8FT8cZBqyw
371,6Vl1FiigNmVpKDMXpRVUCA
372,3p9G3BQOrhWIn1oW9tSx3K
373,1yX1ZzW6TBvQ1qeNpbiONH
374,2QYYK8pcKfk4tf1FOtB1Sv
375,2M0IZTKgkN3ZpYluF4lKAM
376,76FXHQhTuT4QMIxfL09gX8
377,41GuZcammIkupMPKH2OJ6I
378,7vRcickwa6GCfY1qKKe4lK
379,7xgzD7onYd1Pms93ZOtxxX
380,00HZxSA1sOS9T3nA950sg4
381,7fd7SEK25VS3gJAUgSwL6y
382,17FBoXK1NU2rvJBbzdzw0r
383,3MATDdrpHmQCmuOcozZjDa
384,4NaE34wj8KRWoxRmgbr915
385,0tQ7Iu6EicQTPyhYRNWjaT
386,42WVQWuf1teDysXiOupIZt
387,6rBennOYWR1OZQnsU39PKL
388,7z4GhRfLqfSkqrj5F3Yt2B
389,2uDTi1PlpSpvAv7IRAoAEU
390,7q6zjWaLw8bN5nYiBWjrus
391,0yd01cU78rnlFXq6vRxPSR
392,3KziODx7ieQTgYCVrS6nBv
393,4g1ZRSobMefqF6nelkgibi
394,0O1PJ0t69iTO5yWrIeIga0
395,3cyyJALrHc8LawnQNFYRWL
396,0MV1yCXcNNQBfwApqAVkH0
397,2AvupjUeMnSffKEV05x222
398,2aTOwGU66ocsf8IQpOI0XZ
399,4otkd9As6YaxxEkIjXPiZ6
400,0Y7qkJVZ06tS2GUCDptzyW
401,6OQ9gBfg5EXeNAEwGSs6jK
402,6d1vGZsr6Uy3h9IigBpPAf
403,3EYg0XBIcyz3OvhIy7gsZQ
404,623PL2MBg50Br5dLXC9E9e
405,1I6FpscJIfwf4T56VxGVsB
406,1r0DOIO0iC0bGpMtWRFdde
407,3r5hf3Cj3EMh1C2saQ8jyt
408,36jrqYRpGVpJqztuqCii22
409,6IaddEQVZdgQjmkrJkU7CE
410,0KXZqIrkIGTt07VU9MhMP7
411,7Cw4LObzgnVqSlkuIyywtI
412,2P2Xwvh2xWXIZ1OWY9S9o5
413,49K82qcZN4u109e6Zw8io1
414,4mchkmnzdTYIEAnw2FijA3
415,3FtwiRgtcCLAiKHDvoj7bO
416,4NPX54YtocHqTOq6yXDEFM
417,2gKQvajkEEaDtkqJ8FJ4uw
418,1ozpmkWcCHwsQ4QTnxOOdT
419,0s9cSoniuN0HfXpwlCpGUF
420,0cHT4ll3sEPyFFWoFuibMl
421,1BdItqLfHlZhKztc1pzLkA
422,6MQtWELG7aRX7CkAzQ6nLM
423,0LfKQSbicPG4QTTVkS0fes
424,793GjzTKqeLWecWiEFT5u4
425,3xIwVbGJuAcovYIhzbLO3J
426,7hXWMVDn9SVV7zNYiQGvWO
427,4vLYreWxd2ptOAzPwTyBI3
428,6ZOXiVL8rmk2ATHJiFJhiD
429,1hyd7RYmR54Elg3MhZzXJW
430,69DoMDa1QmUvCAoMElNI33
431,05jX3Kda6BmEpACV7unScz
432,1uuSC0RCJB3dSp8Mb6GflZ
433,4FWvo9oS4gRgHtAwDwUjiO
434,31dzB4ULKZfOH71tuaBiR8
435,0fYctMs4EvoEqzDh8Kmg5g
436,4eLPsYPBmXABThSJ821sqY
437,1ubczeMvCrPHbSEjgfu4a7
438,6p9Y1K9yu3ojyS8fBJXUnp
439,2lxOYynQ4xHvUZzFVbc1iO
440,4SJhZBuuLYlwUJGxWf8Pj0
441,4mRsD4Nprcd0l50Z9sgjLc
442,09b9NC1oQbYaHcacgXn66k
443,0Tirid9OpXh04sbjrNq57w
444,1KvHCH7ZuC3cWrfi28Xq5w
445,5VdyJkLe3yvOs0l4xXbWp0
446,4IUFhZQUv4YmDJODU3T4MU
447,2gZmrByp6yiyePHi3dzZ1d
448,4PWBTB6NYSKQwfo79I3prg
449,3VEFGAVtQp8eHzVdvL5aGK
450,1FZZY15WZ9afpD4xshFGXA
451,4kIWi5LcrqAWQD09CE05Ps
452,35s58BRTGAEWztPo9WqCIs
453,3pLdWdkj83EYfDN6H2N8MR
454,6U5j597olXfdjtd6wHd3Cu
455,6bPpXqJRpjwy0hLyUGtzYc
456,6a2c06GAsKigzV53VyzBXk
457,2Ti79nwTsont5ZHfdxIzAm
458,2eLpj5EDUhyAoTks8sxcKR
459,6PBZN8cbwkqm1ERj2BGXJ1
460,5OkxLN5XaE9rLbgK2FuKBE
461,0hfev3dB7JKPp52ZvdAu7J
462,2Ek1q2haOnxVqhvVKqMvJe
463,6UYZEYjpN1DYRW0kqFy9ZE
464,15Id9Jrqab8IwHFirdrrLp
465,6VML3yX1WR5pXtg6fmwdzZ
466,4tedCRHFkPOlzi6HR54tqd
467,1ATL5GLyefJaxhQzSPVrLX
468,1NsTSXjVNE7XmZ8PmyW0wl
469,5qkWpkGMULLVnSHb3Sej4X
470,1Hno6CtKbaFNAEPjRHDrc6
471,3HNnxK7NgLXbDoxRZxNWiR
472,1NXM5lF9YB7a3f1e4R48oH
473,50yFYgKdwJANZ5O9MIbMkg
474,2pTyjuQ1d1d79Chhknoa2h
475,4Wv5UAieM1LDEYVq5WmqDd
476,4IFpj2jyRcugt1yzH82m3E
477,6lrPiF5Wx9PypcjS1JqWKt
478,3ammnTkzxZhKONeV75MJ8A
479,4Vd7lpztpJdmMt9hrLfXWe
480,5nNtpPsSUgb9Hlb3dF1gXa
481,6FQ0GEiGndu9fXvW4FQvo0
482,1gaTBBgYUTU0mSzJtMzYdo
483,64nbgEEIcY4g1ElVLONJ0w
484,7DaO2NczGej6crL0eTAXcS
485,6SL49HqoUwu2hhfukBAK3Q
486,0Fpe40q4duP2847fSLr43F
487,6mBVdi3OYfVGmMiT4jXkYz
488,4tokbQaFXRrq8keVGBD9vb
489,2kAqjStKcwlDD59H0llhGC
490,3r46DPIQeBQbjvjjV5mXGg
491,3XzSOIE6zGLliuqsVGLmUc
492,5ptl9Sheh9eWaogxFOZ3PV
493,0UMMIkurRUmkruZ3KGBLtG
494,3HHNR44YbP7XogMVwzbodx
495,4Uv86qWpGTxf7fU7lG5X6F
496,3TLaFWQDhV1g39Qwd5sPAm
497,4PrPbmm0gKvaD3rerOXFg8
498,5qENHeCSlwWpEzb25peRmQ
499,79ONNoS4M9tfIA1mYLBYVX
500,1j2x7FJXTgUT0X5hZ8TDXE
501,3lMWNCoEQzdbb9lSZa5gv9
502,2evskaXutnTkQAaZeT4PQb
503,6oEICQkozJ4HRWsetBGUl7
504,7urGVhRGLgozoouBLDKhom
505,7Et3bSTLLqdABO1qCxUplS
506,3PZTFPQhr0vHnYGwFUvQco
507,2ZUFSbIkmFkGag000RWOpA
508,6sNbRwX0lZREkdmUSDsVzo
509,72r4dr0xDsXOWRwP2o7ZIP
510,22p8cRz9NWOSGc9kr8Yfpr
511,02uWB8Kekadkl3yGBoOOcx
512,1atjqOZTCdrjxjMyCPZc2g
513,6AmzYhYXSHDndclYdVsKeF
514,6Q3VZtyPCZFMO4cPF4828q
515,1oUzjom2A9xtyRM1SdOAGj
516,1o13E5QES3KCOg85oF0KNa
517,26LYxs49CqC9WUZWiEK3jT
518,5ZQjqg9obFzyGuxGj0mjSi
519,64HygXbyafPahxN1avR56P
520,3mH6qwIy9crq0I9YQbOuDf
521,6pwuKxMUkNg673KETsXPUV
522,1E1eyI5uGllppJZCxNoF9w
523,71o4vJ8Jvn43iSqidJGDhO
524,1YKdJEzlhd5rsq03k7eWmM
525,2xIhksIizs6gWdRBYdiTLc
526,1IaBCF26OjgYwUCEPaIyC0
527,2gGoV7NU9CdWtNhIcvUKQ1
528,3N3alcn9EvmanafUt70Vxh
529,4IAMLhL37kMrpByavj25Ne
530,6xNFuLOko8gjxi5kUAyGyM
531,7n23fjZTviIUnHyvZGQjni
532,3C3RvTGChyw9k6A2uaa2B3
533,748dZDqSZy6aPXKcI9H80u
534,2VMGv3inRLPM4GOMXf37qu
535,18JrBX1QkpnUSJF3oxX6RX
536,1bnHPO4dKK7IjvgrtVBcQh
537,0V2ApMkgurWGcF0sc0u17w
538,3ymsrdlosSeo8xbXlGNMoE
539,3HqmX8hGcbbQZODgayNEYx
540,4MZnolldq7ciKKlbVDzLm5
541,74iv82AYPjxyWpGbt9LNuP
542,5pMShIZc6oWiEtcQvXsKfb
543,4bNPOFOzxGhF5jhfIK6lit
544,1jToVugwBEzcak8gJNZG2f
545,4dxnWKpvkpcDgakCRX6jT1
546,2Z1lDWB2EfTUKV5ILxjdvu
547,5Ijk8JGsEkwCZd5i0Iy09a
548,3arNdjotCvtiiLFfjKngMc
549,2CUT0104gySOIvqwtXeFsX
550,5IBNSiR9VYaGIxOfcOJ2LB
551,7D2NdGvBHIavgLhmcwhluK
552,2fsMp83A31t6nqp1TvV7OB
553,5Z9H6gen4nUySpLZzKy2y0
554,2NTIYavFZmU1PCvJvn2USJ
555,48kU5gP41TqZEw32Cwhsna
556,6vdFSyhPjL4dZFkgRtToXH
557,6jjX8mGrsWtrpYpFhGMrg1
558,2WPS1YnbXiaX1Ekr1HNICt
559,2LT7lNoWT6svQOEUeSrbyH
560,5bCk3kWAy2JbbTfHqzZCII
561,0qRYw8PUU2AE7MPTvC9AwF
562,2Xo2T02yqg7UqMUSe3KChX
563,5K9kD50P66neofCR8BoYxg
564,5w27XydFTwAPV5GjsWya37
565,5ceB3rxgXqIRpsOvVzTG28
566,6ZTl8hHvYNuEg4Mk8yxz75
567,6idVoBWP2mt1qoMtASm3gc
568,2MJEvcUvsLPjsvVgqn8xa4
569,2liBYuCYfW37CmNkub2BaH
570,2RpmZvo7tIJsMaxXfj33k2
571,4xnq1L6P551Qcb9gBXNMK7
572,6sDQacCej53Q43vZF9PJ8i
573,396N2x0w8si5Q8WARJA59w
574,69V5GbKW3bbDbwCDvTiP4v
575,4qcBL5pE5hQPzcx0IoO9Y2
576,31KbO7WnDp2AjPdmRTJzdf
577,7gsWAHLeT0w7es6FofOXk1
578,7GoZNNb7Yl74fpk8Z6I2cv
579,1wRfMGVxmo1Gokg7nUwHye
580,42fyKPanos0Q3woi848ktg
581,3DGQ1iZ9XKUQxAUWjfC34w
582,7i59fEALRV2wfj1mQ7uaEO
583,0CbBgFprmJ1LjDQDMKq6eS
584,3smlfAmejcKMmAPg1G2Kki
585,1fsvlnonD95p6VTEdQ7zJn
586,5ra51AaWF3iVebyhlZ1aqq
587,1NfrmcXk8xNennyxQ57JcW
588,3T02fCxAjApu18taJLLbyN
589,5hxLDyEJV1IvgoAquaImWW
590,1UejAQ1dWwB7FWDmJGlUNF
591,3RaACfwYTY9uiDy3VSWLLc
592,7ycBtnsMtyVbbwTfJwRjSP
593,4OGaOZUHLhSeiicZB909aL
594,6swV0WUnPygRIMgEKn6Ige
595,1NPxBmG3k3UzybcaxxSVuB
596,7arx9qPJexCsDz67El4qvk
597,1RroB11mvE8ErGgTELQrPA
598,7GU53EMnNGAT0ukjJ0WDFX
599,2oI6gtIXrvNiL2VEMmj5kY
600,0qr1Fvi1haEDWVbFtekZLb
601,6FbOJTOKgRkWSh8kcV9NG3
602,4CzT5ueFBRpbILw34HQYxi
603,2GY0ayvMutwRCmDwuISUw6
604,1XslIirSxfAhhxRdn4Li9t
605,2x657XotA7LCsPElXmXX4W
606,5djciKtjqkY9ZQ1OhKICXN
607,2Tyx5dLhHYkx6zeAdVaTzN
608,5shXPwiylHXFgHiQnAfYMM
609,07bIdDDe3I3hhWpxU6tuBp
610,788rHiWVrWzM8dF7IiumCB
611,5gK2l2LgWY0BA4p9uy27z6
612,71VX8yv9T2hNIYVZJVUWVp
613,63e4jpPrJzjGsTxM4QOOFb
614,1N4pAgoZjA2oGnh4bTk8oh
615,2nyOnMxNFesS4LgbiTJLng
616,3k8xoyOXkGgZxUKgpmxz4P
617,0XnqQzdSFAml08XZoRt1St
618,66EwBbt2kPgugo8Wz0SKAw
619,3rqqwtJE89WoWvMyPTvbZc
620,1gPqbxhs90kppgOVxGOPzd
621,2XPrwlaAHHXnJzP9tBcIzH
622,622gmiTAUET3WtAZq8aXtS
623,6N1y1a5qnqN8pBkizOdMvk
624,4RRqzZEFULTx6pafDBvOqZ
625,4Qohh8LwXoV7ucmjCU4MYL
626,7aSjaEi3OQ2aZemcJDhMb1
627,1STi4A9fj9yIhUVVTR3D7R
628,5997njVoJpghWCqgK9Yb16
629,4q7HMWwkbBYelUUguauvgZ
630,3jhmyqo90UQYCnPGhenR4X
631,6PkSBdx19zarn4ae1D08gA
632,1ptk2Jtcr40GKPYSnUl7l8
633,0HmKhR7Umt3ACs52ZLnKyK
634,01FCoGEQ3NFWF4fHJzdiax
635,6vAKENvwUSLMUAWYruV9sw
636,6BWf3fxsgSDhES4Cm4oyy5
637,4UG3kz6qoHtNI1glQ2wdon
638,0XLwImzaZEtqHE4NHAepDz
639,3vfJIvgaDgTQ30UbkgIdpi
640,14EzA7MWoKYPjzjeT4gtj3
641,0VXk5mqwV1Wf8DOoTD4Syd
642,0Oq3mWfexhsjUh0aNNBB5u
643,6GIxDPug9pQL5igCSoVfe7
644,0AIFISfeloajgVP5fB9ulV
645,7nVdkG4gZZxB1I1RLN27fJ
646,7xfcihbsBamUi6sezd0oOG
647,3znl1qe13kyjQv7KcR685N
648,5pF05wJrbrIvqunE41vWP8
649,7GAOMkrIBSwqvC28f8bXTj
650,43yC4eriRHqTxGpb364KaR
651,540tfgQDIXzMaN7Flb3okP
652,4GNIhgEGXzWGAefgN5qjdU
653,3FAK4h4t9uV4JxzESXllAU
654,32KdoFFhgjCLdU0DWL71tx
655,0XAIjjN5qxViVS0Y5fYkar
656,0hmFRR0pDSZIAvoJqEFSKv
657,0wRbpSytHFxVE5L9PLUGif
658,1bkN9nIkkCnXeG4yitVS1J
659,43uErencdmuTRFZPG3zXL1
660,75BAkzFWLER9MrZjaeFX2X
661,39yAlNzbQD6MAvveqeY3IP
662,2ZmDoyNYarmubD4vTfwh6g
663,4Csoz10NhNJOrCTUoPBdUD
664,6JF49ixyHmOgS0Rsda2k42
665,0kL3TYRsSXnu0iJvFO3rud
666,74yTwCjSbjza14zfGl2uUN
667,5i8tObGt5quJDg2sQ4u1zp
668,3CCnGldVQ90c26aFATC1PW
669,26RLXRJA7aOOffZJGjUaSW
670,0YbpATCIng8Fz2JrfHmEf7
671,6vWPa9ZBLjjh7jsG4hRskQ
672,34DIiGAIByD1SecGmh1SEU
673,1dB64RmXsX57irQpWrjZGp
674,3mhZHDmHvIUAeAYH7MrXBW
675,7mxpMxmMM8RN39YRlo08v7
676,5LsyqeWryTmxsmda4xkm5a
677,1RU8i9ISNQ52Vs8msq30C1
678,1OCSG6EwbgjP2RG1nngojV
679,2rpb6CvDPmap3Jcy8rRLSZ
680,0WzOtZBpXvWdNdH7hCJ4qo
681,7jZjdYy7RyhK7s8yFCoFZu
682,2yX9XRiHDaZ3sigpGNbaFt
683,3kV0i1qqudjf0PGawJ4jck
684,6nXto9rlPmmhdoUmGMKbtE
685,6Te111t5gDZ7W94myHRqUt
686,3w4snMJ5bcRlvm8MihRZD6
687,5e82uQW57EpmAOCJvLKMpr
688,6GK7MOPqacKl84T0r6Rctc
689,2Q3f2SXGhEDwJCczT2DJWy
690,13PxecK9Bart7ir6STafXP
691,16KdSB0v7RqYwRjylZCpfn
692,4cj3HwgA7wk89PJW8sMpDZ
693,7y5SAIhUDzt6JlRhHeCQVI
694,0N0EFoE8csbKxl5lxT1ylm
695,6MGpdaaOYQ7YGyK9GDAQZB
696,1kLCvqHOlGiESlYmjJloVS
697,7M28Ejbd7r4lT46KhpRwhj
698,16rqYJnDBbUmv9ZApafev2
699,5RvhL6DMQKD2ikhVpepry8
700,2vUTaGok5i6WPIgVPO0Brg
701,4d1T4JTrX3mhR3loCEij3d
702,13dqeZcuXFqwpN3ma98nC8
703,1N1B0SPGgNS9t8AagluMHI
704,6cx4GVNs03Pu4ZczRnWiLd
705,3Xo9ymyaGqiPkuY9BVFM35
706,1RpE0cvRLrWxtaGeUjWqgV
707,4G3BRVsGEpWzUdplFJ1VBl
708,0qpBSuJJ378p3FdMEIS3Fs
709,3klnCRbaZpti6j46X2YnSA
710,7ojhZPBtkio6s3axl5U7Fe
711,1oGVsR6CiPtb4JtoywJv40
712,6zWRphdl26OnCq3Lnr50SG
713,5TL1mPYM2606mcDUemHNdM
714,5vT0kAGtFX7UC4M1bQ1LXZ
715,6slkiHeFK3wW2D1mao0TX3
716,7gA7voyYSM2TE9CREUkmtX
717,5h3WJG0aZjNOrayFu3MhCS
718,4NeSLPXf0IstOitXbK3okD
719,7M9Z18ZeCncQjLfWOHg3s8
720,08eWihUSFSOoMI9uFRj2EP
721,3IIHk2ZLXKWuVAjCbQ9g4Y
722,6Pb7PMZtW0fuEM1lCGvCDu
723,0EguP4tsJurU5I8ocCxdyb
724,3zBsCYv5F2ZbKd6ydcAZJk
725,7wZmVoR11jHhE9PzZbc100
726,1gNNycTzE1nQFyWTmHx9w0
727,42oQv8fbI5CbeuAasf2ILC
728,1nr8LxzUvc6iQsG2bFK8Rd
729,6JVGBnNV8H4YIrVSS0DRH1
730,4skqOUXyBUnzxVPNPxrGWV
731,1aPMWmjeLZXyts76wrBhxk
732,5r0LVuUjx659ddoV15P5MI
733,7ziMuGcC9aJh8HCHQltupF
734,3UTp6spxkyTdvsmJDPfb7n
735,0IWFcaf3F7G14ect7Jle0l
736,4YsS6HUCoyntWFTReZD1GU
737,1qhw1dtmpkfCmNbKWIDngQ
738,1xiNidE81opErvD3TrLxQ2
739,1RWgm4YvRL0YN1iX1Mto7b
740,1IDrmwLTsfrjU7MWd6FVD5
741,3BPX4x5EQOd9vzpPC2rMrm
742,6OjijE5Z2m0uZdKR2o0MfA
743,1lYFwtFkhTmK8u4zLvwV0s
744,3ZkjH0MLsSakiF9ef0LPYr
745,6PpxiZQQonnX3aS52Ayr9A
746,6CNwXxGCLQtWhG2VHOuiib
747,0tbfZv3qWeGikdX0QwMCza
748,5fkFWJ9LZizXE4yPenNGuy
749,3Jt0oBSkfXOZdzyIzv5tt4
750,3VZmVRqOvUojpd7kkV3tcH
751,4mLRYZaEEXZn5Ze3gxqtsf
752,3MehQLIwSof0ZxgSJUyCRP
753,4NIsKATEssBSrAl40JlZs5
754,2P4JUAM3zRS3V07tpX55CU
755,393cKFb3GdFNeaNwHD7rCl
756,3gJ0PC2xl11nOOA02b62z8
757,6IeARg6V2JURhJa1vCDTQT
758,5Yokktc5aVVgDZ40KUUapD
759,5mf8tqFkumabKPEOX7FH9o
760,70cDq4iTenJ3Cfw7BULRRH
761,4tI4WJdTN5MzDMRMl2i7VR
762,7MyUIiX7nkyazdl4JqfMJK
763,7no3h67ym7597W2K9sw9Qo
764,5TKwujrxvl1eUFleIZyWfd
765,6RBVbvHUbdAnUWm4GjyY7A
766,6FqNY6WlCSubgwaaa0T5Ni
767,3sBSX8EVrKU7w3Ppjd0XBx
768,0WwsYZdk2Q1yFafJEGXpKl
769,6Dy9a9Ai0imqq2mekGxxYA
770,1CEeqK9sKrE7LzUHeT3bfP
771,2YUoojiwp6nk5mBAUbEz9a
772,5FT1DfAMQ8ewLsCP6c8PtF
773,4JAvwK4APPArjIsOdGoJXX
774,17oSbW6JoCdFeGofR7fITW
775,3cX9HsFL7oihMsigKKLQev
776,0inJD6mDF0x5zIAv774uE2
777,1UllkIWw3y3hsOlz1mMhqa
778,6hTlfMRAEJBMyETemdH5Qq
779,45ba6QAtNrdv6Ke4MFOKk9
780,5Oyoa7st8g9lfx8pcp4h4A
781,7bn3m1ITj1519hGSJdKmd7
782,6TQ8nqw43uUOWu7Yqp58ko
783,5XRCcUfwtLNQflDd9cfz4U
784,1ZtWwcVN2GTF1sDhUFbMgR
785,2ZTY7XIYsPGI12qDJSK16V
786,5A7U3iko4a07wkEZNxmqIe
787,76aDn6G1eM90IEQM65leFe
788,6VCDStheOuhrQaoYbHP2iO
789,2DjfazR5N3TgXBQ7oVALA1
790,26ztFK3E69j5THJQdyxC5w
791,7BqiR1ZnYFkcOnoNIpk7bS
792,0lDRXaECpMSYYCsTYRDulh
793,54aurEdESBiCRhsxPGbqua
794,1hqdYp6uQpVMMDC8oJMdMd
795,7mgSFowjMLNNTCSUWDZg0d
796,4WvhOGhQSilTfMW3UNGgKO
797,4nHOF3neSo6Y7OG5OAflkC
798,3wfGIfiVa5764OJIdd8IwL
799,4YEhTvqsptB5D1n095QL5r
800,3zGtADK8O9cFL3x6B2yvsB
801,4q4GytnRgPS9hDyujg8Sg0
802,47FalEKu0of8GExDtZBkxT
803,7AxqNUoDXf4fce7XM1lgDf
804,6L2X9oAs6pLMweH6pSpfTT
805,2xcjel0O71jyzfflIel2Dm
806,07Jvk8tGuaMhR4H72znlLJ
807,2UPESFKRsKjf7KwLk4d2xm
808,6lggWd5q9Rh66OkDE1eNDr
809,06zDJqcAN3lR7loPZqImD2
810,2s6B6IjL7Y4CHeDfqSm02s
811,2mnmeCQc9gkVkjN5yOLW01
812,1hKrXHrn9HhV2wmoQrbfe7
813,6f0qCw9dz6Q8wViCyptSpT
814,18km9wofbFMkGbUAkdBT2y
815,4zHNWH5Obiray5ZhxxPxS8
816,0ssH9wMngti9j73Rb9kcfO
817,5lWYyz0CKJMEAq5ZKFccGZ
818,5di1AQu8XCSWGE0jpjDBHL
819,3OYVMbYGzfqblgZlfxV2gq
820,4dWvxwVt6HsU9OFRkjBzsz
821,5vvvo79z68vWj9yimoygfS
822,67Em0g7VkNZGzICh4SZQdY
823,6NOZyeu6KDGMuNNKEi3E4d
824,1lXY618HWkwYKJWBRYR4MK
825,6P9PZjWXoCRF5b66BafPKY
826,7uXhi7y9P77LZff4ueR6KN
827,4IRiXE5NROxknUSAUSjMoO
828,4aptdxEd8yitSgSV6I6Jb2
829,6ym38F4txV7HjZIxh6wDEN
830,4AOvRoeyztCFVvue9TqMnM
831,6R9E4WVvmY6ZgJ0NVKNJ5P
832,6guJZpZ52v4MrJKIH7tASl
833,2iVrW4u0oPERFW5tpkvNAw
834,2wqG59dVVQlJaxoO7N0LJt
835,3B59OoKAFqhbnNogoZEDLN
836,6X1x82kppWZmDzlXXK3y3q
837,5v6iBhIlflzR9rEd1LAMbd
838,4c46Ij9uzhaKRUKQacvpMm
839,4AabsQ6plH3OmdE6BWI04j
840,3lxvJqSvGR9o3Z402FnY0Z
841,3xI3EaiVGkHmVHi0tSUNw1
842,0lUL92det7mZ4DaHYmiUEC
843,7zf9kyxc3ZhJv79HrjTRir
844,1xuSorM2dDIiB5zhftB5NY
845,5WwaSQFmjzYtrKksqaLjjX
846,3J0AWftMu0tsXw22obufYn
847,0DMvfJWc1DjSbmnJF1NW1o
848,2VVvm4zJlUQm9XmBCvGN6z
849,03KcW1ZhaSnj8pIk1LUNQs
850,78oRu8T60yfkIOG89wRFev
851,0RLn8okU4qCiN0PJr9CTQt
852,6jlrjFR9mJV3jd1IPSplXU
853,4c2p3TdN7NcQfCXyueCNnC
854,24X4IZGu9QcQ8pVf9dFAGg
855,63nQw5QNKBUAh4bvqSz3rJ
856,4WlC4FXhonJhNTXCQPGP3r
857,6DSH5W4GCHVMADe8eVB3EI
858,0Q3h1Bm5T7QPo8lI1S9mT6
859,1bHj528aZfYOKq0ve5AHMr
860,5wCuMMmsjXNZ9yU91sEjf7
861,62SOPiEiBCzUTuFLGmtkz7
862,4Q9gIbDuQiVOexTyDxx9V0
863,3o4YQXkZ7OkDDPL1S0vEcS
864,76290XdXVF9rPzGdNRWdCh
865,1su3GU4ws6X5bUj1dt1qsl
866,00xUnMv4KFgxTBvNMsUy3T
867,5tP9JwZnsJmahQgwzlQPdc
868,6agNoT5WXMENsbQvhxGEws
869,2HaqChIDc5go3qxVunBDK0
870,7t6Pr9lRrhMlAxEt1txMth
871,2TBJtc64Y76xWs98Mtko07
872,1jAxVdQ2FFtbHu6kLNM0au
873,1Fh1gzTOImG12M35w3nqQF
874,7CAAClnSiXdMibPT1oyl4k
875,0pgmZ0HKZYEIr71WHdaMN7
876,40GMAhriYJRO1rsY4YdrZb
877,6vrWAG4vNvKi4FQKRkVwVF
878,2a1AHCq835BXUcX1aTTWqQ
879,0y1rJ1B0Q9MqxX9Svuyuyp
880,24jAbLMFzCTlIv3kQ94HwK
881,4MDMfOdhV1IyoRnklwOHG9
882,1jJdkoOAj3Uk6Tbv3S4fsa
883,7rF0hkAw7bmas9Cd44F7tA
884,2TbrXjwWklhT7JrC5sdUkf
885,48Kac3ieDtt9OSp9Fm4g9e
886,16kwdwYTKR7pJfyOikdYHN
887,0jH6iWykjOuyW7Y8zNKMBk
888,2CYr9450iYkEWq4IWL8plY
889,1nzUj7VkiaytMmf2KrhK2L
890,4fWqRDcwgr7lw1989l6eL2
891,1VAc77UvK5wj8ZSWCo3V2b
892,1ynyQdPQiXdYJNQEDL1S3d
893,7EvmUXEmIRkFwd2nPVmFiP
894,4sA7IyvdIFpeOPBftpjetk
895,3Qu13eNn5FYNuFPwgBG6dO
896,1F1JJHhqMo5DETJkesqGpG
897,37O0Syq7Db1kydzUH8TbwB
898,1MmVkhiwTH0BkNOU3nw5d3
899,7DER9glBF0SYJU2R54Ipte
900,0EmINljXosug1gnqewNqnn
901,3iN0xzE19FVAFK78ZUZhLo
902,7DWz0zPWRlCDt5H4OoG5mN
903,0cMxALtiABnT1kIuA1wgsQ
904,3tWaxq6QGN4jkrrXHcvNBA
905,7mgdTKTCdfnLoa1HXHvLYM
906,0fUy6IdLHDpGNwavIlhEsl
907,0llyIxX3nDC3hobbGibVZl
908,1zNr37qd3iZJ899byrTkcj
909,4JR29CNW14Zc4Z5vflxkoJ
910,4f8pX9Vjs9uU5aKjqDNcDO
911,187UNqZ7MX3neMYkkevmdm
912,0l0F5iYVp3gnUOyIQuW82b
913,0fEO7g2c5onkaXsybEtuD2
914,1GiaZbKJYEeUuD8hTqp3qS
915,6OJwRlSFCcsyTRwcV1ewEC
916,2RPrThumHrbBafZL7t33Ro
917,4YMnOf4a7obOcN1Gy2QEuM
918,6dQ5jKDz664ctPbDDSF7Ua
919,1bCBZ8LedqwVYOLDLrRbbY
920,0u5M5K2BDNasZya509hgSh
921,7Kb4tYAL4skNGiUjHPF4z7
922,3GGeqUzzIcKgwnZVok6nMA
923,3e6Rs5Kupmrctc8tNN8bqQ
924,3PtSz6TrO0LMQOjDd1RFTZ
925,59znAGeM6NNmzTkkV6MHrT
926,3uyOwJu4r3yroAkFywNFM3
927,33nkEur8beeeEcTA4nxapX
928,7q1fPTBieCIjkbhTwQXQAo
929,7iW9jDpzjy2dGOudC2dRXX
930,5FB5E1fwFeVqpz2CCzRSve
931,2abBjN2KB4uaJhMV3Qs1xP
932,5G2Z1zb5AbaxWOurtADqdg
933,4Qz5u8n5S8YZBPF5D6y82Q
934,5Vmz3pIxG7Dsx7fzHgtyJB
935,3ErJTcUCdhLkXikZbQ10UQ
936,1Do3y8IAcbYOToYQJnGwSO
937,0cLzuJG2UDa0axMQkF7JR6
938,3toLn9BAnrscDsY8PoDLXM
939,4hnjhj3GcyzUDatpKFHQVR
940,0Y2ArrqJQ8WuUA5tetAkZi
941,2JQWfvAfH1f5ypTohkGfT2
942,4SZko61aMnmgvNhfhgTuD3
943,4Tk1gvdwy7TL3Ma2s9iZ9f
944,40o8Zo70JUsrMtBaQruBZg
945,3TfzdrsORJcyaDnee2im8A
946,28MxCWjhX1GxT7RRledFYd
947,0NBTBo1qrg554sAj79nEqD
948,0YF8PfcGbsKg5IaFyPnlyY
949,61daGwqgh0MGK2MigtyVfv
950,6f6tko6NWoH00cyFOl4VYQ
951,425vzaEJ226qvNCOahiJUx
952,16nsTjFXsqjswSfi9uhl4N
953,6uNDNflKRjEjnEESQUQrXT
954,6t7956yu5zYf5A829XRiHC
955,5abCMGtyHwpOr9cEbwfP1P
956,2d4mjikXgoqnMCXnWJIFat
957,7rIxSfLbjZjQtRSEFBsYm4
958,5G5rgQHzdQnw32SI0WjIo5
959,1ftvBBcu7jYIvXyt3JWB8S
960,2tm3Ht61kqqRZtIYsBjxEj
961,2gWrUaBkh1uQARjbjvUGNp
962,0Ds6i3h0F9RcYIKAD5Olum
963,0TDJRkEr2SrhWTetdkEzED
964,59AeQUlVYT08dOenfLmTWS
965,1KushUovbraTDRu9sbO5fg
966,4WQOR5g5S1I3NGIeC9DheO
967,2YL3ddwHuiBGumvzcGHyjT
968,6rzMufuu8sLkIizM4q9c7J
969,5FP9keIJnlSCKnkdVOf623
970,05hgYBx67XFjqWL8on4ugu
971,4fu0jN1IzoaXgzCfqdjOjJ
972,3SZr5Pco2oqKFORCP3WNj9
973,3ff2p3LnR6V7m6BinwhNaQ
974,1j0apvEvaWbTmlZpKsfr2D
975,4QRihlWkBdm6XLbtBWtYzb
976,4GRDFQ9HRoO0by8H0r2a3I
977,22CVoj4sxsAGO02OONbkQA
978,2wMavIKnu6feFNOeQ1hVwf
979,6HzHon4QSFPGPFIjjlZN0n
980,1GMj0Rx5Q6EyBYbi9Eu7Vr
981,1UsmQ3bpJTyK6ygoOOjG1r
982,6vT81iUtDPLkfHDAwoRNpu
983,1kTlYbs28MXw7hwO0NLYif
984,7tsXPtLqhab1zWeubbf6JH
985,0NTYMm0B7adXejff1phD3F
986,2M6rjUsC2T3KJ8Ku2uTTQG
987,3Mb97a181fWxWHlGQGHTPO
988,6aAGx3HGsNoWvn6rMRHXBm
989,3VakA0cJPVcyB2o2IZvcjv
990,7MZzYkbHL9Tk3O6WeD4Z0Z
991,6QCSrh0eusuJrRpYjnmtTN
992,4kaCrosmqvvrPUEAwcnC3s
993,2mpzeA7pHNIDAPii4EEKsB
994,5OJKj1KGQEM1pnHtuvY0It
995,66at85wgO2pu5CccvqUF6i
996,3QVjpIxcksDkJmOnvlOJjg
997,0MihD70HInk2rDaChdAdEy
998,19bQiwEKhXUBJWY6oV3KZk
999,4kzII0xqiF6lGNVdNwGI3V
1000,46xdC4Qcvscfs3Ai2RIHcv
1001,6QpwsJgsrPeiL65GlKbY4o
1002,1g2paIJ9LULvZrsHahfwh8
1003,4ZIvx3lm0ytWm06bH8DAwR
1004,0apVddbk7Juec0DV4LNiBg
1005,3rWJsuu7ukoZZhp7YYkjNZ
1006,1UiPHgFputxSUssPibAVxc
1007,5IYvKd22yQkJRfoIStesbX
1008,3wLd71P517DbiJYR3swVq1
1009,0SnnejMBMdgkNyS4XqJBL4
1010,6bI4IQKBcLX0KsTjQ9NR97
1011,3aEdbaJGWXbBxn79DgjamF
1012,4JfNpRVj6k4huueybILbcJ
1013,1VKFaHoIvkZTzsSRad2jDZ
1014,5YtTDrvrmAcDPMfYKE2BxP
1015,6U3XutCfhGxFFCDK1AFCbb
1016,6GRzmk9UGL7odxprOPop1Q
1017,3ZpoX3ij0YBUeJoGfbVH0Q
1018,2SEye8hrCXMiliIGrdHQLC
1019,0gtroJqtkBhqDPb6cQTOhJ
1020,267Oyc2f4oyawPYto13f2S
1021,47NRe9ML5KLtsC9kEys3rl
1022,21YtqAiqXNGuvWNBS0JvOy
1023,61EgDesQnFVyYf2UneM9PQ
1024,6W1m0tWWMoHiLM1fGQ2DeV
1025,7LbEbEkQLWxVjcRhwr2qnG
1026,6Xu470gdLgDOnFDj5qND1N
1027,2suR5CCbtL2Wq8ShFo8rFr
1028,5ahTZ7j6p5O3GOtXD00Q2L
1029,5sMbLxhyvXZlsZqdwV7TSS
1030,0Lw8kaquvurphtc65jD8i0
1031,5ll74bqtkcXlKE7wwkMq4g
1032,16SMGvTZrwtiJ132g69toP
1033,5bDcCKEnqOMEmQ63jc1hxp
1034,5qvTf1qIYr2vkIjFnj8gYD
1035,2mU2jRMwrsL1tG97xKoiav
1036,3myGgrJRE2yrEiSxTqf2Et
1037,51C65YqHrDODM1hD5FEL5x
1038,0knL5fTAXqq9oq4Yeyibc8
1039,5ASoLiKB7ffqusD9X9wQlS
1040,4Xc3wBfUZ9yiszOrttoCXV
1041,6Zb63BocV9Por1mJIYrDXP
1042,5uP9oyMK5lpzbB7K6UeT3X
1043,4yTlfDLsW1dK2kG1qoNsrv
1044,3lEo6zM4YUWjiY7P0h79S6
1045,0fhmJYVhW0e4i33pCLPA5i
1046,7DMyQuDPe8xzjC0UDSDa96
1047,2s1ncecjzOlqbTDhnPAWhn
1048,63WdJvk8G9hxJn8u5rswNh
1049,2B4y3j02ho6XNF8BEzx3JF
1050,2S8AWAM0nxyFy66YnUfIs3
1051,19DGkH750PrQMMnKqBAxfY
1052,78iX7tMceN0FsnmabAtlOC
1053,7zURSbIVZ5vl3NIKkrVRvl
1054,7LNDBcMPR5O1riSmyXq91f
1055,2sMONSQ66AehzRX2yVbCZV
1056,3fc97ZWLIMc1xawhxbKrh2
1057,2rAf1FJKQ3f9TAQncbnYxG
1058,6CrSEKCF4TYrbSIitegb3h
1059,2UkYKJGOsWvPpMPfxfi9zQ
1060,0V7TZQmJBgI81M9Z7GWxCI
1061,5fMlysqhFE0itGn4KezMBW
1062,5uTG0XA0krGUFEEQvhpR2W
1063,2bBDybnvM234YGjNVcMQaK
1064,6agmeioaDOBupymziJihgB
1065,5UWPoHzVFzdWpXHx1Oc9dK
1066,1oFucub5OjyG4XPsDUzhil
1067,0N2i9tYtJ4EZu1s6gHzSkd
1068,46JQVqJpOg8opDLUl1qHT1
1069,7etFl9qeqjD0luC40JAg8l
1070,2pidzXTaHV4WaIJYRxKDCH
1071,6DeU398qrJ1bLuryetSmup
1072,6KwC7GaK6R7Uphby8bnmqk
1073,02lktkm4J7K7N8T63Gm7KX
1074,3rV1aPkrWyMs6YTvTpSbIY
1075,13C2pc5O7ofZKd4p2VYO3S
1076,3sGj0fBj5EJbewKgCWA1uD
1077,0qbl8aNaCUOvX8HGsZYLfh
1078,4if4IsX36odNlcZF2kqgt3
1079,6LBiuhK7PZKjVXyMfPxPoh
1080,05LEST8E8mkEIl2LRfUkcI
1081,2v3xdUz73rd6Nness5SSIh
1082,2gXTTQ713nCELgPOS0qWyt
1083,6Pqlfg42Sc3ElNuyt5NUiK
1084,2P0JJ9p0o3unqi6EK4iDQw
1085,2VSIxyOm0xpnSoSeMiDYIU
1086,4mugszxpE45gV3mObOBlpN
1087,3NRBTT3qyblcZbphwYbC55
1088,1WNwlBvoohUFZcJt3uLrd4
1089,7KNNWIPBk4Josbqhfa2KI3
1090,1lI1gzn63x4WkD41okIJZ4
1091,2JFiDG0ymh2FuAqZj79tTJ
1092,4Pj5Ytw6QtM5lPJSZnpII7
1093,1IQmCioMTatFSX6biSISx5
1094,5cT0D5QzJo8coTaeT4OynR
1095,1MCA50GzswxscAouRWnrES
1096,2tFoLuLmgTgwFS0P9RVvew
1097,6kfB3WTt9YOhOZnEIOTbdn
1098,261LWEVYViMXijB95mAty3
1099,7pjWbCevZabqDKwm26ggKd
1100,3LByoNjO4gbuX5D0u26LDY
1101,6df0qvkMXoyHGt9J8cujZb
1102,1BfLzaTFI5qKsAAk0Ae6aV
1103,7ocmhjfBKajAqVxRLgs2iL
1104,0gqrRf9j8TdNnn0HngmeRA
1105,45K1dOxYKwI3XusZr8dhq2
1106,0Y9i5YM95iEHAQpppUN76A
1107,3wDPZbAEnzvMY6mlySimUY
1108,5Py5aOEeAsp9oz7pD30wZL
1109,6HiGOyRSF5SiFh5Yv5mEu5
1110,1KOmHyNLuOe5YrPhD3Juuf
1111,1HiN2YXZcc3EjmVZ4WjfBk
1112,5WS1g0cKtjfK6eDoSLdv7d
1113,13fsGE9UN5VaAkETSs94un
1114,3KAguv1g8qM0iPx5Z2cd8u
1115,5ebtbHmQ7WZpgKtH8ir14W
1116,69FEpLjPHKj9FbszXXPxyN
1117,4xOiHZgwfz07RULSAmRNdd
1118,0x8V30SsjfBNY2PuQ9TO3w
1119,6hrla5I0TF37GCm9Wim8Ja
1120,17T8CV4M48fbpx0npYM3HY
1121,1Coy1QEk9I3Wmag0cg9hX8
1122,70MPfXExA0exvxma2bvref
1123,2a8IWtMGQl8oIA3lUtLDQw
1124,4BFmGmjtHLqh9ol8W7g3WL
1125,0c4JocKlxYfBjZep8TJkcI
1126,7eFfp9r4A30ueN9A5EJbk2
1127,0CXFZPOf5NILkxS9fpL3Jo
1128,6T23UR8liTx61aRkLl0E7p
1129,48ydOppyPEiQuWz8MbGLuU
1130,69wWoJJTi96kGqzUh4TMSq
1131,5D2CHiTlb8MXWJsZWXjkZf
1132,26RDYvX2sIuiEUhqVPkNaf
1133,5xYelOucTX5yIB93L6CVo4
1134,3SVqHW2Hq7hOtkN0AGU4RT
1135,47BiFcV59TQi2s9SkBo2pb
1136,4gbrbyveJFkuLH6B5w93JH
1137,4E240gSAhzKIH9HDZKNKsj
1138,5WRIApjgUfv46stqPOuANm
1139,0Z3FuDAT324XzdxlLgrSRJ
1140,2XFw84i6R3GcuxhppaRyQW
1141,05Qg48LlYGKYdeXrNGg00g
1142,3HchZW7svLO5BA7X28xlKB
1143,2jrEGBTYJEJFvEfVny3K1y
1144,7a4z4EPeKp4TEVNbtgL3eg
1145,0RUMqfsJFQeWpck0iUIFxj
1146,406YMcI7NSxhTbhvxkfu2H
1147,6vVQb6zThLMCP4cUlp0jAZ
1148,7Mle8fqfjxEnkubFjg3mAe
1149,1ZB3v2FJtbPAqPwLBoV91I
1150,6FVi7t0V4V77LgyvJaCAyB
1151,0ghmV5RjVMegvTMO3ybsic
1152,7oim27wQfpCo2DQ3JWEwzn
1153,2V99Z0aZgSK6XTbh19UYTU
1154,41zRghNRGMG6l8dYtRp3iI
1155,735EgCaNOEjTa10KN9QHoq
1156,51WLEfPEEkzAWurvuY6Gco
1157,10UscF31tC7Sz8S2a1mGbM
1158,3bTjPEgPzm1XwXsNlMVHhs
1159,0DvL3CoEOGyGhUFqimNSlL
1160,5FK6borHO8QcztXhXCPn5H
1161,1mKecYsnRWAp06ZZXQHUuw
1162,7exM52pkWRKdoZqkheCRCC
1163,4Wq9dC08uEtSuGc8mFwC3r
1164,3W3oMpBoKd5sISjqByge4g
1165,5FLw9UIiowJBmoKUqncVf5
1166,6tE9Dnp2zInFij4jKssysL
1167,6ZzHqyeQGSflmKMndyNxYH
1168,12RWpV5WUjYo4SisuFWMNK
1169,34jEJ49vmY9S2xu2VOktWX
1170,0zhi9gXQNVvzW9Ik6H8tQW
1171,1AdoIlPp0Bc4IiQhJSELZP
1172,5EVSKBHF8YN0zyMCONnrAn
1173,3MNP6yEmCAFruLe7pAGKCu
1174,68LPoE2EfeEnWZGMAOB3Cu
1175,2acZwP1ANaorBGrodltax0
1176,38DGWtO8kCuW0UvkQcYDdA
1177,2rMvlXjrgjenPKNBK6ze0q
1178,5YevC69TIurE8iNXuEH4U3
1179,4fVrjnFFBoVV4OEc5fBH1J
1180,4l165PoCFHBzfg88mpC68n
1181,4otlYN4uGurlL16mvgeIHT
1182,6IR4vr9w4hnRpFap54vOhg
1183,56Z5er1cgYmXDuG49B953d
1184,3du9lkIg7jG9xTufp11SM2
1185,7x5xQqwze6ipXngWoX5p2O
1186,78GSLFGpqG8ra9QXiRsqpd
1187,5EzDhyNZuO7kuaABHwbBKX
1188,599yjJIKmWeJ3HepwJBce7
1189,3Ypms5atXCWQ3Ls2l0MXGe
1190,1zlozaHobHkHranrLGwLgd
1191,6nnAy3W80YnGUj7t2wf2tr
1192,2rjXWUlGeNpRWNM7kIP3ia
1193,0iPWPiOsdGaWgcy9RMpvXw
1194,1RUZZKK3hKDRxbR94AFBnf
1195,3iDJodyAXkwE76Z3NNt8W8
1196,7fctuk2302Wwpps6i2nbsn
1197,5zUDvKAyEKkrhYLWJJWGPQ
1198,6qqa1vvE1Q3qj2k8Gc3iEY
1199,4XNJu6IYQqODqryQy8KjPo
1200,7go9k6n1fCuixMOOpW3gej
1201,7aRQJlM2xsWAvVJPxIcnxn
1202,3PuofR78j1BFBGBrNCCYUF
1203,5JSpqzetDwOZJIQRkABWHW
1204,5zdFKRmlSDwAMZ5NFVGbx9
1205,1iIGc6gmBf9I0iWYPpjZLU
1206,48IFY1wERoy8Lac5FuXHpc
1207,67smHJOf5YlFwad6dAlppm
1208,72ccOKjXflWyVQMkaoLYe4
1209,6FU20y55c31IEB6YEFzeYB
1210,4E691gbRgo2Zb6ToII2DWO
1211,66LEmqkDYl5OFC62EA5M7q
1212,0GPmuVuCdC5hCsiuy1wXle
1213,4StdgB0YaIYLGhhXBLuoWl
1214,64LkgCfNbLqjclQYCTid8L
1215,3rioHzbE7RDGbgxzg9uFNd
1216,5z7TD11Qh81Gbf52hd5zAv
1217,3CogjJSvRqbIQuNJVR2JcP
1218,2kdNEYAPZlAoMaIzYQWM8U
1219,44WNMwxQFCYRl1Mf4DxFCQ
1220,1X71Gke5NpopGMNbNxEB35
1221,6ZZvx0aefZV3LKa053fn71
1222,34GQP3dILpyCN018y2k61L
1223,7zCODUHkfuRxsUjtuzNqbd
1224,5EbpxRwbbpCJUepbqVTZ1U
1225,4MB6xXwCYtFbBW4ReqUWJn
1226,4XhdHEPifvpnVUa4S33548
1227,7AwrgenNcTAJlJF3pKL0Qr
1228,4bXS4Vs7WMBRiJ1VdPTCte
1229,3iJYwx4U2xHyDi7BRjskIJ
1230,4RmDIqdJ2mgmOuEvtnu8fl
1231,6iTZ0sYI0dPDNnVHG2xIZV
1232,3UJW1p1qiGScFrGKLwBptB
1233,2XtAaXbOyK67vRQbfS2bA4
1234,7J9fifadXb0PPSBWXctbi8
1235,3BMmiJUZksT9RgJLwgoKfu
1236,0Cq3uiJmlGNIFMDE6XpWLe
1237,5cAd6WOG1zVNQ2KDCOLtuf
1238,6YKk4wlKdACRITGKmGnoIm
1239,5c2AzoNyr46fCQM5d8mxE0
1240,3g8HE8pB8nq6DbHf71I2Wa
1241,5Bp1EX2ypdFnJ5IUyiRl8w
1242,3vi20DRHkqv4HyVg9Rt9wC
1243,44jrX3SThj7pFjOzUTLm85
1244,6QYK9rRB1nJ1ZnhEiOKT1J
1245,4IMJWEfkidwtzLanLMAtLP
1246,33lk2GnP8cJzl7cd1OJrXn
1247,0BwYq5h0gwbULEfhE10iA7
1248,4oMHSoFd6DKPVMVb8uiZYv
1249,7d2qNq4zap02SoWdvr0caA
1250,4AqJY8SxoiR6MWWfawrxVz
1251,4tIkdOt2ohTHJ1VptEwNu3
1252,5I8dujSQv3pxhJo6n2ifWv
1253,0pwGvLOBpgIgFlrQVSRqh9
1254,69g3CtOVg98TPOwqmI2K7Q
1255,49gaz5rhWWgqCw61M9700v
1256,5wy7JKTWa3JRjvQT7cWOcq
1257,5gQtvMHA7yqdzKXrHpe63C
1258,0PHMNbcgHfzSUALlfk7wGg
1259,392p3shh2jkxUxY2VHvlH8
1260,0jLynoED1FbV2Ky7vU6Pjc
1261,1Ypwht853ZVmsplg2DnZLI
1262,6eZdwrhB97A3EYx9QppGfl
1263,493HYe7N5pleudEZRyhE7R
1264,29FoTD5vBY3Fq1QWhbl3FM
1265,36BnoniDx1oKdMWm7ProqG
1266,0js0LifyH653EoIQos9xv5
1267,3jknvlUSe6D9Oyn2E3JBLO
1268,5FA0SqkvmxtJi96oCqBjHb
1269,6k16WXh4rKyusIoN00rmpi
1270,2s7lwmva05g4kccq1f31oK
1271,0aytGzjInPwluxhlSLxoot
1272,75fT8UQEDnekHNhRnbdpNI
1273,2cQy9YdGMpy7CyHGlurwsX
1274,57lgFncHBYu5E3igZnuCJK
1275,2XPON6sY7MBXn9K2jlW1cU
1276,6O8efloF476sH5FzVzLYSw
1277,1zDbcQiL9pDK3AYgjn4Iop
1278,3vgVsm9GY3i39fZ7b1sqV5
1279,5enEsi887wD3qGoMCK4jLr
1280,0HDrblLFAsyyytu3xKtbnL
1281,7jxrYnrAa06rekcs1cxp7i
1282,7GDatS6iAApwmxAvLMEG1c
1283,6BQKvohjflUQTDQJfwge9d
1284,1mLHPTQKr7GpCdrNPz8Owa
1285,0a8WSH44kA5hR4MQ6LyFDB
1286,6YFBWwUDdot8IjBZSYOacB
1287,0DOSrX5RdPZhLBAuEmO6De
1288,3No5rGRQefAlVJgWusDEwQ
1289,1zHR48K6XtWYm6bhrw4J6C
1290,7tJeqFSzeIPToU3oZ4fkiB
1291,205UoabL8LIgfrjHi0uvUw
1292,1Mitno88QtPueD1IWzZn8L
1293,3Ds7V1bNtWlu36MlxGZVUz
1294,2hEnymoejldpuxSdTnkard
1295,2hwM2z7y5OWRkCZ9cPaOLq
1296,79EIRdmpPSIWfRlxaZdJbG
1297,4buyJv1fGVn1QU6ZR6YroB
1298,10WCcQKzXZot04kzENu62Z
1299,0vqRNgbh25rbYpiZ2Ejv6s
1300,7Dj0aaKI4RpehMPqOu56mW
1301,325oe5W5EgQVcuzNwBBnmt
1302,26kjgCevSCdiObuavhdBDU
1303,0eeaJ1pkXP6OySWjrPfskJ
1304,7eRvqU6euU7879nxvhUBD1
1305,2ZzatxW5gv1XZ0uai8TKxk
1306,0ZPaMBoUZhJhJnJQgShm8X
1307,11LYtfhFQqoEsnTRgWtBSM
1308,3T1fgMprST5C4hhl19Xv40
1309,4SK0pQXKf7ecYbn3dcykZA
1310,1YgekJJTEueWDaMr7BYqPk
1311,3gS3Hrq5Y04qhPgmGPqnhv
1312,3Zzv75PyROH6AMeXN1Yr1h
1313,4VFG1DOuTeDMBjBLZT7hCK
1314,1yyCXBEu27Ia1Y3torWIwC
1315,7dfPqXck6BB9wpThrVYBss
1316,4VZ7jhV0wHpoNPCB7Vmiml
1317,2l5WSjffNLTOH47Zqdllzk
1318,5xHStEOG8PsbzNQb7LkxZU
1319,0tbxVYstYiHpBwA7qYL1hC
1320,3lajefIuUk4SfzqVBSJy8p
1321,3aDrSVhq4TRAlAayrAC95o
1322,3YrxGk5ThUcnjsDiTdLZST
1323,2MsWCeQjZlSfHFjDm5DYR1
1324,6q8BNcH6wkWwWC0fGoJwkS
1325,0S0r2RFucaW9kVjBtcBOV1
1326,1JofuqYnx14TjAV24GWk5i
1327,6qP4UnWRNlBMdsqanPhFuJ
1328,642lVmzC1pRc9BcWJATWy6
1329,62ZU9a93AIFcgQgLs4jBep
1330,4XQRSMdDwj2LfZS1SaQoXB
1331,0S180TSjO1KVmxh4oZHimt
1332,6HRJXlTMnj7mjvy58BawrF
1333,5nHZP6EqmhfNwxe71tpyKn
1334,5T75pyMyLZWKvDl6jFdi0F
1335,74QhQQa0lhpkOSrz9HXWyE
1336,1YZ3k65Mqw3G8FzYlW1mmp
1337,6iOCv7oGL5sGi2aVnRz2BI
1338,28enuddLPEA914scE6Drvk
1339,5jlE1zlhT3mEWw0mRpN920
1340,1KCuEhpwvrnnMuQbL8gCf7
1341,6OGzmhzHcjf0uN9j7dYvZH
1342,0TdVbKZBEWx4nk4eErps7G
1343,0hZoXv8rTVN5XjLwmSB2PR
1344,18XFe4CPBgVezXkxZP6rTb
1345,1yKEuP0PwMdurctqhEfhNd
1346,4Carzsnpd6yvuHZ49I0oz8
1347,77G4mtEtvwUhPUcYgZsDbQ
1348,7EPmezGIzLHj7LeTtLYhJZ
1349,6rH1rQHaOuiSO4NHkJMrBv
1350,6Ah3tVPUJ12PhoMIQoDv1F
1351,4Y2V5TihhuWyKGnUzLQEpH
1352,2uL4yvjeT0c3Wv8CF9lQcN
1353,1r8dmj9V9ccKNlnLEtFuIH
1354,0ppIg1GbwtR3C4BD3MjTfR
1355,6OKwocf1zHfEtNdUzf3nCb
1356,3xbWu3mLkkWZvgHtExIaKZ
1357,3RjokVpEMWreOuyN1DBskW
1358,63fPXLpTxvDR7LgSOZIaly
1359,0VoorTgcwMRROTmmZlxPSG
1360,3zipQHIGq2XDKBQDEpdUzM
1361,26ykyKCa7xOHOnzLdGARfz
1362,2jhHhqOtflKaJeMEgWD82S
1363,0cGgwoMge4N2zpTiP2GU6d
1364,5SC0415RIGVX9ZfL0tfbAl
1365,12UO1VN1TffieQyDyzjivp
1366,797fkvAtk0iZvP1HHPCWbp
1367,621OhgnZJ7Pz8iUazct1In
1368,12pnVAswzLE6hArSl0bF0h
1369,5Tlv1h0eGzcLuRgMMYDBYQ
1370,3gj5MfnW3Oud8Ji1n7Tops
1371,3QZ9gSv35M8vfQA127l3vn
1372,60hvt891S3FNxAreJCDkgi
1373,0M0t6U2MyAoH2fiEYEyvf7
1374,5XqEf16OrHdmMoNS1b6WDg
1375,7zg9ZSOQtYLjWnvSawflg6
1376,1YwzJz7CrV9fd9Qeb6oo1d
1377,2pl9PVgr8QFKRGY0HY69GI
1378,5RlT8X7XGGLKUhoimrDl54
1379,6a4HHZe13SySfC50BGy8Hm
1380,4htcOW08TqINNLbcSf9esI
1381,0sv4nM5FtA8Y3DrvG4CXH8
1382,35Lhx0cJU8MMnENePMmt6f
1383,0wXe9Y6oJTQaIkTVTYozoB
1384,4F0klcMRe3B9NinTFViPmw
1385,5EerXEYRJOhqDNhOBcMbH8
1386,021zMZKO2pUA3yoUQFW2uy
1387,0zk8efGXcvGBPEycy6NXmv
1388,5svfcB1dHyUWTWlhb4TihU
1389,4ffXByMAjLpd25ZyzEJNMK
1390,3bgsVjJf8c6zz6Ypi4pee5
1391,3IdBHbjMTIPcknxgbqUxub
1392,5snUbps5KleLIP0cVI72lP
1393,4Qt1ZvWZ3DoKDimDMesZd5
1394,4v5x3Oo3UjQ9YmF3hRAip5
1395,17C90B1H8gxYa664SSVM9x
1396,6izTLoTDL2k78sAvpLfHOP
1397,0aFNb4RDk2hmKKLa0bzXNz
1398,1pmsTgxfLMkCw7C5LuSHFD
1399,2Q8ugdrlhqWh3jJ7b6oIjY
1400,14Z0SIrW3xu9sCVmBYh8tE
1401,42wO2hmYMe3tQGMoshwFsI
1402,36TpPkiI90WFVDunVAMSL2
1403,4lOTwpdctMu37l0c3HxRCf
1404,302R4KlFy873Aq7YJNPHWr
1405,5PE3OnyEPOlTShpjij8Wfp
1406,07mp8eAMDeo7dnjlFu4Mvs
1407,4Xjosl7L9G7kVjhLqyAFJi
1408,4tQSV1ZGpwlo3dBiTRuKvM
1409,4Al33pat5vDKvODiFLURnP
1410,6yt1MYALkwTXthb121Lm97
1411,13AED1HGzWlkxETo6aquK1
1412,5JY8LOSVlqydub7b7W7MlE
1413,7bgboE8KDLeDnx7Q7RJxJ4
1414,040f7hac79RPmsrwqEmttM
1415,7jH3YOFDeqA9kN4P4kHtx4
1416,6ZFUMvnLkGErstI6DWISYn
1417,5QGtxFOTTr0Z4TyUQNVOKO
1418,3j21GO4l4W0w7hdF8JVPmo
1419,1rJXQEZ5DnUalRSPB3R0WO
1420,4V5UppLGiuDvo4HpVsDc8U
1421,7tjZ51DOxwxIcnY20ThkaV
1422,3j1xCJdBMCl6wYQXurz2tb
1423,59AxnuxbVddWRb2KEBvgIH
1424,6aQe8pwmbv89DodASvyuSq
1425,68CPMN8L6m8qeR5Knle4NP
1426,5TCcYBokUjzJysum1xL68a
1427,2MRD18Mp4X7mYw0WW6dVc1
1428,4r3TaXjF2b1qwCpxjIpW43
1429,0LcYRUiiA3ulGaRVbgJnOo
1430,6Qe2bUdGlt3E2F9awVwWN9
1431,4azVkVe6yeIBhFVyECag4j
1432,3wi1ahnajIIFa0aDpgjTRb
1433,16nNpg9tlbPAzJA23wLChs
1434,5eLVoIPq7P3Bu29lVgD4x0
1435,5ixIb78OVWTRefUrjV7WYK
1436,3U1UMHqTYQLRql3qWQAUEc
1437,6Xz8eKy8TeAyzwGr8QSOAS
1438,0HZsIvzmixFIN3lLj269vz
1439,1WXp9ofuosOWHVjkEnvuzL
1440,7JlCbNWZszAdVKZdtHFQ5p
1441,2OKf5WlgqFgszrDsxMq07t
1442,5NW6qqGJwDv1AYJt2CJfzw
1443,5lheTytGmdGaGlxzXu4uDY
1444,5f6Nz2v1DESbpu1NerEql2
1445,1p12OAWwudgMqfMzjMvl2a
1446,3BClCxsYrpmoL7U1gVFvWa
1447,4WpWvUKrxsxiCkKGav8TIp
1448,1cdMej2R40VcmlOEwJ8jjG
1449,0bUTHlWbkSQysoM3VsWldT
1450,0YvYmLBFFwYxgI4U9KKgUm
1451,6xLyv6QON3hOuKiqRKvNOw
1452,1Ezs8SlccViPDEQY55BO50
1453,6DAmZeinawrXXeMZftok37
1454,55UhXq8grzHPga0we8mEL3
1455,2izt0SbAU917Npr4YLVgMJ
1456,7lvkfeGllsua86JXtLunNG
1457,2jHjmjuVP1IlOIWWg1HRyY
1458,0VCrmcT6aVSbEJcfsHPyE7
1459,2lPYlP4eumsjz6LBG8GCbG
1460,1mrhahrlJu5JfzgeV6Cy8t
1461,6c5FvOrrKnG5SU5evKTwKk
1462,7c50ybiNwXRhi0nEXF1Chs
1463,1ioMTXnkfMguG61awEjYTj
1464,1snTqU8hQSJzEZ6EjszudO
1465,0eDqiCoorJizJxahehP59L
1466,61809gZj46tFYs0g4s51nu
1467,1DnLeDyEWJqfJSJVHQaaSo
1468,5k0pyF1B4ab25iu5JcG3lB
1469,1Xqm7XzbgDoP1tyXkqMOch
1470,1HK1WLip5xwWQYixdF3Jsk
1471,2O3OKOYCub892PUGprsaQo
1472,1lvwZvotQke1mhZbwadECt
1473,3raa4XKLfdk3gTfVVJYAjv
1474,6PvZnd9Q2ymDo3gpoM5I37
1475,3mk8FCB1EOT3IRrers5Zyo
1476,2zSyJNbfE4v0WL51GI9eS0
1477,3tbAr7OCbuu3ojhSG6FPC6
1478,71i2DEJp6T0ywlT62T3gLv
1479,0BD2W0EO8W1WGDsgGLJt7A
1480,3sdQL33kOCH9iNYQYbterX
1481,2UNPQpST5DOGtBAMutW7t4
1482,0TaYPOKCUDyvZU2APQ7kPM
1483,5VCY0uIkkoaaji9ciCLS0D
1484,45KEnRgWtnMGw47prYTKE1
1485,1C5H3cfLt91mvUFWM5r4e5
1486,2r6t7ccmrPVSd2cQ4Hg5gi
1487,6gecj0Msw2sOPPEJrNE7uv
1488,0VeraxKSlJGusnOHYGOtWq
1489,4l91hYbDQNJIpMdcuT9HYX
1490,4hRroZQkSvWVW14LBGsaW9
1491,7h1ut6IUbndKY7QrqcbAND
1492,4WI8IUUkHpjolwZ2xTOpDS
1493,2lbwrVeWzRLYwSEN4Z4wOI
1494,7btiyhWzUfzxN3ijSiBpC8
1495,
1496,7HPjcPD2cr8E5oHvVAmBp7
1497,0GAqyZFjgaz6V5ozTS0dfW
1498,2GPRyHEFB2uzrB8aFyAmkP
1499,2yiX02xQ3Qo2fDXbfEQeS3
1500,3KguAIBPMKWy3ymjY8pLEj
1501,5bHxyeuWjtJeYHp4oLSkh3
1502,72ddtidR7JZCZg8mAZJ8g7
1503,0hVXUOlozgihW44G4Il0Gu
1504,4Cu3nd9Ms7cLn5zdpz21TO
1505,395EvXClydIElIo8YXrlkA
1506,2eBu12ZC09JHybCstaz4vL
1507,1PCB2ameR7yBP9GLtCAVGQ
1508,6Jv0VIFX5CMzxAK6JwAB23
1509,7puTkQXad4fxJNk535sDR7
1510,1XCSEtQfTQmXNgAxSQFk7f
1511,66XnoRQMp8XSqoNYQQBcRh
1512,6seO2kGWhFKbe61aNvdB12
1513,0fy7kzKCMLuhzKDbPXlMdg
1514,13WjgUEEAQp0d9JqojlWp1
1515,2ZQcUtW7OGSsd6LQNcYQoh
1516,3fKXo9d1z0cfjDjqQPtzkw
1517,2ulZfOND4JRQiNxK0wki4z
1518,6UPU9QsaTK2RZfJnBJoHlt
1519,2h5LDCGJCWUyaoEXQZHky6
1520,2bXFyAk38U6pWDdsqkX6pR
1521,2glPhGd3WXbnNttSdOOr2e
1522,7AKJUjNR4hlNcbj55lP5LA
1523,7cfUmjuHPnkWx8qziB176I
1524,1lOegkmEfMEMhHy0loZKXV
1525,7wFFgBFdFJDvAM8ZHue160
1526,64MkQXBXi60hcZ3ZbuOxNX
1527,0ALwb8VXqtdZuxpqEobp1N
1528,3p6U8Q8DeFhQzacCkK3Kgo
1529,1EmfbMC739Pfi2Q3U4a0Y7
1530,6DHCRrWGl9f57G4JBu4AVv
1531,1ZDzv0LNNtO5R8r2cqa1FC
1532,3e7vtKJ3m1zVh38VGq2g3H
1533,04cC5tJTB80EkdqitOjb6R
1534,6piH5f7ETPi5EUa1Z3V5mB
1535,0PFz5Im1HI2cm8KQ6wuyYH
1536,3ci1NlMvRYfEJJ5IQTgzL9
1537,6VhDYmsjHqRxKXd0z7hmXI
1538,3WvQpufOsPzkZvcSuynCf3
1539,5mNR6ArcSHyR3Jryv76QPw
1540,1UTYHgCK9JUx7yLlp1qZKn
1541,61KN8iSYTZq58bfsCfEwiZ
1542,3h0nRsrFqItNzV9bKOFE0P
1543,24OukO41ZcjNVzpVzc6bvH
1544,1k3BLTc4VZ7beRBXL1SPN6
1545,4VhjncSXD5JFfqErTxJGQw
1546,3kEtdS2pH6hKcMU9Wioob1
1547,1YIaRjeZ3mKQ54tjxXCWr8
1548,2k4SKTM0a5FVN37VvFbxpr
1549,6PQn1xJAsfSUbtKtO2O4nC
1550,63uxYglJtSneGlHf5MKWfl
1551,3v2GjFB9V5kHgrOCXn3sI9
1552,46wCgPn3NypdBxH0HxQZG1
1553,4Y0PrDckfFKxKaVXsscDLB
1554,1zBY5LL7aBGUEuf8UzfLB6
1555,5M8Yvdw3908JEtUpEZ9VOo
1556,7pnplSgRtopeTNyCxBJf4n
1557,1h19AU04eolAfpQ3ywiQGX
1558,0gyk0KTsjRGBWP8tFwpZ7d
1559,17jYVS8faKzBSZZSGyyA12
1560,4PHMf42gDXldIbUB0tMfiG
1561,1xAUeadDuPGqu1c010mPKt
1562,0m7dZQ6nLNjDI78hBmpG1L
1563,4ItrTVfTGrNKk6J9OXKoSE
1564,2FkjocOuC0csbspWDoGVUa
1565,5A6bZpctbZpLBGno3O3M3h
1566,5D37EAY4aXsW2j6lEGc3zL
1567,0vj48avsbiU6Q2WfNPVNj6
1568,6MZYX6ylSeEGDL1DOXGoQF
1569,7xEMLj7xwvdAwVoG1IaeZ3
1570,1dOREAwMimwRfA0xvI5m7T
1571,745wm87LGZxRYeyGM0z96J
1572,2XQCtPsKemHzK98UXqGyql
1573,7mAA9YmQz77TzZVR7kaELv
1574,5SlqiD2KdPBu1p3iiHt5Br
1575,64J8girYqmK86ebqBayrjQ
1576,21v5FhGOI0EjdAFyxJ3Q8l
1577,5ccON60mNYkYjzOfu3XBoT
1578,6lKrCQ7gXfj7f3pTKOGExM
1579,0VZWhdLRtDPan52RfTHkp9
1580,76SSlGJc0aIc6eQE3CTIpt
1581,4XzbTt4p6gLJ3gpDtxwdgu
1582,74m7fLNOyJREQ5wD7f7SN7
1583,1ywaXB0f1Pe2E340NePahO
1584,0KugvH7L0uh3QVcIjxh4nX
1585,0SVnQiFDcdqgQqtrZugu7R
1586,7MMWKZFSh8hbzM9Xch09aH
1587,53YiFrevPYYhVqOAVXG9Fi
1588,3fwZatk1y2idQ00Ybn43TA
1589,3IT2LbuYGJsnL3LNgSHUOm
1590,2bs62BUJQ9FLB0OMnZNwTt
1591,3K3srpNJb5Fu9C9QiX83aQ
1592,1G3ERTD58K1vaIxovTczPT
1593,6lfjbwFGzQ6aSNP1N3JlT8
1594,1YU3MPIMY9rZOE899khVj2
1595,6s1m8c5SKQilSa3d00OtcO
1596,0IoiCReUTgS8veAp98cHIA
1597,7vyRTk1irmJDdJ7apxLbZq
1598,2NFbVvtSCSZpTX7fQpMOCN
1599,2LlpsGgyRXwpGYSrD7yuFQ
1600,4GAdF0fAOig1zPvo1GTdUx
1601,7mlrBSgft6zpFwwD02RdVb
1602,7sIWQ8DbIsHv21NVWS24uC
1603,46XBzeLaL3KffruoUiGhRy
1604,4V8LHYG0leg19Zdn3h6yc3
1605,2VtoSx7VSblPMuzA7Nyn2m
1606,1Ea4UfFW7K1UzbjkDVaPri
1607,4CPMuMFHgMhjlx5ZIzypFL
1608,0RffqgthNhj28TMkTUc4h3
1609,3hrge1UC7IMxfqs29YHQZO
1610,1bNSciikrgwI35B4XHZro7
1611,6bPbKuFNW6Vausf1PExvd9
1612,5WkCcZVlQGXchpo6vEbM0d
1613,2EL4Tqtj9eXAjxcKPDIyu1
1614,1IwLvI6D1ZQbnRjdTNdEJu
1615,3yWRq9Dd2UO5xyqxTjLDmp
1616,1Lymt1abGCr3J06bbnmWca
1617,5CNavGuUL6Ztukid91qgVB
1618,46bJeU7OO4akKS81vHFzMk
1619,2utMSPHiSIHEg2vb9awgDi
1620,0ENZzpaFgPmr2b8PFkizIr
1621,5gXGNnrSkjB12HoAm1YoTz
1622,08AFpudbuGzUe3mLGcOZTw
1623,26uSvH8YuW2K7xsv4zAxja
1624,7AOYu7UkUTbRAGj4fBcF5M
1625,5woweVGZbZJD2O793D51bD
1626,4VvyGS5IkQw4j727pNiJHR
1627,0N3HnJ7Jw1VrfO5TnbNWEA
1628,7Hd1Gqx8xFRAnQOLHAZxn3
1629,2sFObDkVMnNXiBOUE6yef6
1630,0YJa6VrbPC1cOqWc2h4X5S
1631,45v9um0D4asCGazn2CLJJE
1632,5EyEI8tm60S6y2YKbjE0xI
1633,5LaCH6lgcr6LaNdb3ldZrp
1634,4wc88BZAbZGM5ZJc9h39jX
1635,0Fd0gUKAnoEHDbIpdFvl0B
1636,1n32q8BcHSRbCkr1uAVU67
1637,4OoNqHBpbgDoqtN3u1IdiC
1638,1g6MBtyTxxSkT4YwhgnnIU
1639,34a4ZMcjzu8I9P55Jq6238
1640,0v4EQZn8clJmIKltNv5h0Y
1641,0fPPktynlWuMw4VOFGCS1Y
1642,6364r0e2rVw2fY23D1UnQy
1643,38pL3z0j2rysEu1ty0FExw
1644,2A4isI4zhu2r2dewttUC3t
1645,0U54jjqJhihezshU9t9cuO
1646,6JfjkZevPkcrVop48QOEL1
1647,2PXyfq0RX8BpA1NfOhnFaJ
1648,5tUOzNEZfWrETGesPd75t3
1649,37pqxCN5TmoEc26GWYvol4
1650,1ymQ69f3i2UAwf6qaQwHqR
1651,5Wv5AyE5aNFpwjYfff5IG3
1652,6xpq9ocVBkjChTRt0gNs1X
1653,4APfg040MolcxyxDoS67ie
1654,6BQcQmoygL4t5B8nGLiI4n
1655,5ZbzkiTZQen4yWskVZnTCZ
1656,7gGdhlPptWrRYPXZw3j8dS
1657,6vV5UrXcfyQD1wu4Qo2I9K
1658,3q2G5cMAO3WO7qPhaJqZFt
1659,5C3uZS83u9pXWFEpl47hWb
1660,4tUQoXsCHQMfAMfPD7fibZ
1661,0xpKlXFqcZuIxCcN2rZj7j
1662,4DFqPg6PRIBUA3uW0962VI
1663,2zO56oc5qbJ4Ov9g1fMa4w
1664,3zNqUEX6A5huPZu5y2bw3C
1665,75e7IuuSFFLxbdKGTYU1md
1666,6c3fBlEg7UYVC9hMLxOgsl
1667,1EXZMvtVhVS8D7bjGpk3nl
1668,7ietaXVKC6ZoGKGV81Yvwb
1669,3iL19fevJpmFv77QyYZp2G
1670,7astixpVsPsvLfVjpd6tJc
1671,36eeYpoQTi2Tu7UuDzTCkv
1672,6dxrBXAOIAH8Hmv3OfhqF1
1673,2G6iE2WLbR1i7AYzQYUyFB
1674,4I9PklpnUo9XjxidS6rKrQ
1675,2IB4u7CExI80gM2KbkDtDp
1676,0dXN05tQ4StX1W0lwN95Q6
1677,3MvquDrJfBfvhIGBv2HPKq
1678,34Vqb2m74NU6Pb682ymHic
1679,6xEahv0rPP5PHJh4kpQ6jT
1680,6g5MYqBLzNYaPY91iUhR3j
1681,2bvuphJA3SOomZVXsMqJ6U
1682,7vHBQDqwzB7uDvoE5bncMM
1683,177byugYOk12NcfRtWvghY
1684,4Fw4H5lfG6zcwHTeb8rVe9
1685,5L6ETkYF4PeD1pSrAGKuNf
1686,7uvuPVivhRggvrXxZONGe3
1687,4qk9JNcL5XhTY6Ula45SLU
1688,2hdRJLsW5qdvVZ0yaYpqO4
1689,7o66H14uvkdLb6dI866lOW
1690,5JzxLWdYLLpZTE6kaBLooY
1691,6KvLHOtpefcbqclsdfkQxx
1692,1VKdnyJWCS9kUdKW3QGEmY
1693,5wWkfNvfwMfQFbas9Gjggq
1694,3MDlzfBg6qknjE3Et8R8Q7
1695,71kz3StN2w22LQBLT1gFS8
1696,07myRKrxBvF6a7mPLA623U
1697,62aWUxj29N8Da3uV4yi20R
1698,332QbqPExRg4M0G0rtXRf5
1699,4rJgzzfFHAVFhCSt2P4I3j
1700,7dyJguaJnpjbU3kQvjelws
1701,0bmHdWe9hTdEdiryiFPfwG
1702,5vyh319wEHZQ86LZTtboZG
1703,2YltjwKulQeLRj4C4O7M1X
1704,0YFou4SbS16F4GhSADLDfz
1705,3by46XqUngn1VjyGvLJEZB
1706,10xLV7brjTOB50GI2cxVMB
1707,6fdYts2cI1UPQB7v6iQTEc
1708,4mwO9qIVmngSe7yR5Ios0I
1709,2KWMRiVC16dYpH9VkERMOF
1710,5FElaL1HQY12SARonJjSfI
1711,159XL2dOUbe7icvavghLkU
1712,02KFVEA5tnY0YnypmWY1tz
1713,1qCLlb1MSeZNQVKUzBKrP7
1714,1GuPfWOIBmBuwqlZy59Rcd
1715,3CpQGb4Gf53KpKme1g1pBQ
1716,2XXqBkpXDNhUQw9K4fNj8t
1717,4qplno3lbet8WvuTGdDG3T
1718,4qnFzeNKngsi0ZoOW7qtcm
1719,4DkWUkRbixvt2Ut4PVYNax
1720,0OSmheKxFBjHSwL81MvEuH
1721,69EWERP3nZRaQidLls8sqn
1722,0hDy52fqKwb2ZIjyNXGxan
1723,0UwpSCPnNPksM1meQJnBAF
1724,01xivfPywEKc14bzhbcWkc
1725,0TroBvRGd0frXPVgWfx8QK
1726,0qbfYiC2wnBPyCqtAeyKj8
1727,5QTC2PR0kH8CbzlgLczD1M
1728,0z0z4DcXhHiobX5ZKAw8Qn
1729,3oa90TbTT5bJwCUJ5fDmvu
1730,6RQhltF3miWYkdfDT0JIbG
1731,6nPdlsKWGOFepgMMXTZReP
1732,4GXlMz68LyGZeHzJcetFi1
1733,3AN6bxtkeJU0kF9hDWSmJ1
1734,02GVhWjMuoQBQUtNhjWsnG
1735,0ITj4WmlPwOhbf9XFf0HjX
1736,186QXLxMTW4Caao4q1LOPi
1737,4knzelcqNdUmjUTFcdnwJG
1738,17y1Bh4QrhyiULIPnfc6Ab
1739,0jPxLnAkjK20xnotuijSUx
1740,1hNdA7lmK8KNVq99faGmbM
1741,5fH3elxLyatI67sFC9RiSs
1742,0ffPsL9V1eNMi54MEHMehn
1743,6McWou8VeXcVNGQVOiqhZd
1744,0EPbbTdPkqx56u9Px0diOZ
1745,1vB2zm0qlKkKT38OBn14re
1746,5BCFxJBIZFMnHoJvDctDJa
1747,5FwtpX3itjPJsHzWShR7pO
1748,4OtCzrYbNZp8c5czzAJeUP
1749,0dNCFCDulXcIlsUneXWZHp
1750,1BR69wIifGZUSimcuTjWVg
1751,3lOGuL8SgffRwxABgTOYIx
1752,4xuCAF5P2diMaCbRUxNlzz
1753,3ZybEuaK8MuNtNIivCXIXa
1754,7GrWzoQHbx463gP1E6HFSp
1755,6BtFnL80q39q0OcSBroqwy
1756,68WGEWZgJhPk2BnF8H2su2
1757,3uwRp5ehO2wWRBKcpjjQdR
1758,5LR9O1oZRRXBtMU8koWrAe
1759,7kDWQLUWrhRWru4s0j9bkE
1760,1zo7hz0tXY5r5CuENkiDkU
1761,4tfHYel0udy6nMSA5pVJHn
1762,0QVIPcQ7qDA1XP8UIF3MC3
1763,3vjzxmGGLKRNws3aCvx5j8
1764,5oExmFmgxp3k52nRbwb6wy
1765,30qTeiBh5JgABcS44ZZAMn
1766,4tvWn8rsp56lzyMKV409Og
1767,0aayFQHAOI0X6bg0GNQAYo
1768,1XGGeqLZxjOMdCJhmamIn8
1769,20geZQN61608n2C40KiXdX
1770,2i2J6QneO1x319QCJLkTBa
1771,3DsB7su2ZcxxsRdiYk8vAo
1772,5HnYw7OLcbB8sxqN9HNNj7
1773,4pkiNVQYHpBNgfd2H23Ncz
1774,6xd9phTkcEIsi1JWhbxZM3
1775,3VTNWsdPxKZjJvEY87GivP
1776,0msTohT6kPhvbuJzUCWuoH
1777,3yKUGrz2tsHP31gqPBhLXx
1778,6uMVAiciTpTyrQn5QJDPJM
1779,4M8vfAVCrE4H0Qg25TyYyz
1780,2VBcztE58pBKjIDS5oEgFh
1781,2vD6NN9RCmTwoNsM7k1LLf
1782,6wRasCHEWubnqxdDlUf7mo
1783,3xNlOqBSM4hmlO8SmcLXJt
1784,2ZGkTvwtwDoembcBr8SS0d
1785,2IH6OKfpHWi7bonXusaSRh
1786,2HLwLpyTKv5C2ezhxYuQ5U
1787,7bgi7zCoDsZdlLKPonHZqP
1788,4oIbhyy9UZlP4JgN0IFciv
1789,4jrtlSzTql4HkG8e4LVGyo
1790,3zOkSAbg9o7gQ3yXtZhx5v
1791,4un0IQy9lIQfk2zFRVAj0o
1792,3dsTU7X1kjsyGngvZ5QACA
1793,2JtlTPzThXs3Pvz8V2iBIB
1794,54eu7XkeENwY30jU5Ns3pg
1795,24ZyrExx41cMhL6XwuHBqZ
1796,7xHyZoZLGHVUCdZwG16Zd3
1797,251tFbDekSN0fthVyqG7sL
1798,0iDHkFKbWbYV0V1Iwcbm1q
1799,0JKjuvDUPrnlblAZyB1Aje
1800,7BIbvWCP7C2cbDGYFYAoos
1801,4MGuXw3sktWudRY9tKMYA9
1802,6ijzLeD8Lwz14YFVYjJQk0
1803,1xBh4UhR2sUlvuh9xdXfJI
1804,4VxyKgulAGSpJwhIJjgiJr
1805,5S0s4VmWQohYIugYNxRnc8
1806,23nhRNDhIBcwrM3zAOsMO3
1807,7uUSSIjO3JvV8U71TaSASO
1808,4yQasTblx6sk72EF14Du8g
1809,18pmE3NuEFgHduFKIOYymr
1810,2iIRwoLUXUnNSFzyK5ISnR
1811,7LjgrgyzI7qkkYpEcWSHk6
1812,6eDx949ONWDCN0O22wFZf7
1813,3Fp4LiqZ51XEy24UUPJUdh
1814,5UYKqW3uCzdZi8qBsGn3IU
1815,6cnlO9XrnPSokFR6UFCOeM
1816,4cZL0gsOEIOPLXdhc18vex
1817,1bSClsUZiaNRzifTz0YMu9
1818,6JHNpgAAcUMfwCDfgFgKpk
1819,5PerfGh9Smd6XjwkxpmL4V
1820,5qA68nozNGm8gMYz4b96h2
1821,0MGT09443LDnbLXcgVOlUz
1822,6Wq84YPRzpAIY8CEeluUlv
1823,5ufhf4tUkvX78Y8nJgXlqw
1824,1XcjUvabEhf1xDvgs1mUgR
1825,3r4RwwnQNkdwLfOcO7WReI
1826,3PJ4ypfvzL3S6lGcQHc01m
1827,3UMr2rsOYZviPgCLipXtBq
1828,1QYACZF6ijryY2dHq71erf
1829,15OA439HhJkwhuPzDHXtau
1830,2JFhzEKxoiMBi7pVUmWacs
1831,1oxxysQmylUXuxzSdHlqUc
1832,6GqFEQapTNISiMI6lytaKN
1833,1Qo903vDvnpZXACkd4c1Ox
1834,0tKdqHpam4gasOfzTNIRLd
1835,6XDskCwojXEJFRjqEoCFuv
1836,1hcqvc8dqAWArvE3lmuA3v
1837,3o5M2OXfUVRsUFrd7u4a5K
1838,600ClrWRsAr7jZ0qjaBLHz
1839,0ZJt4dCoI19u71k37E1nQu
1840,2zjyE5IE2YUWUwuA8KbtmK
1841,3y4AaloFccKNLQcZNS9L8c
1842,3jrp0rnsvfK55nC38nYjc6
1843,1ZB3SAalE9o27Q8KvOTZGN
1844,4anmaVcmIMst26aT7xfKf6
1845,04a2Vx232ZWNVcoGQEyKGD
1846,79gnEYNP92dVyaP8ocYa1s
1847,4LlOSzrFLl8RdRRIMDkfui
1848,3PxYZnSPyWMf0RSFv5ZVax
1849,6qloexkZSeSvVxozZyawgR
1850,0qnkaQdhxfRgCeNCakNC4o
1851,4MiEmYcutgLqNjKvBpuAZT
1852,790qROmQ1y4aPEYLcSkScH
1853,1tj3C1bW3XAQfCTFY08424
1854,0dk5mEAzlw1Wpk0O5xUPy6
1855,3f53BJvrCgMNXuyju8EBUi
1856,6O7rsMqnE91fczZFKUnn1g
1857,0jzzWxfdiebzFnOCnL7Ty0
1858,4aHyt9fwGcyZBqvYYiviln
1859,6qPn8tgow3T8FUcJBb36CZ
1860,0tKX7BLXiiRgXUKYdJzjEz
1861,6JaEv20qGvSgIHQbxwtjUu
1862,3x0fuOFqlU0RhAUOKsWGm0
1863,3XrMFJy3TSvOzL6e87L2H9
1864,3KbqlRNQamsEVialmVgv3o
1865,4e2Zba2HMGxkisaQ1ihNqd
1866,6woXSSRMDdtok37M3nftyS
1867,0MXpE6m0mEK0r3TuERb9Yd
1868,4KzmvDBdFcWPU90LFBPiXu
1869,3Lh72gPELN4MIUJd3dYN6I
1870,3Bt7rwHAiglsQNn4AzYrzD
1871,6PO0nR5fQjQg0UfHiMGF2S
1872,7J3XAN9vV4smAoiz1TQwHB
1873,65a4QHS5FZ0LySPYHeGzl5
1874,0FhujHtudKZUT9WvzSMRE8
1875,6gJ12TemFto4MqumkPswuX
1876,3PWTw7MPyvU80Z6pDgHUaC
1877,13IKhlfq1P8AEjfEu3s8yB
1878,7kLL9GB9GdIpG20fxxDPtA
1879,75TDUUBGTBkulAJuZFpR0G
1880,4UNZOq7e8WjnfaYm2rkltE
1881,6a8GwYiEMrXgMvZBvuBXrt
1882,5L0fqBCRKpkOHDNiwTgJbZ
1883,4mnx4blRqHZc63rYZ9vZgZ
1884,7bqvcSakcw6pS57fMOvlHL
1885,1bew5z6aq8pWAJiVBgw46u
1886,0nzammMx8yd48selZLWfUx
1887,3tj1lwFaANqUSspAfk5YYz
1888,5dKoL36lbPUjzj1FvzWWeQ
1889,5zMJ4I9w70x0x5C3GhPCTg
1890,1sJzod7aGgZwu2ShYec8GQ
1891,7jQPy8GhgSuT5A54pb5sHx
1892,5QnTDatnBXuE9nNk58FQZV
1893,0R5mXYqDe5V5gIyib69yBX
1894,7o1zifwaRKlcJ7gmmXCyNW
1895,1W7r3C2Pya7MBeETMZkV3N
1896,0B9tBeEWRc2gwTzvUhzRI3
1897,2lPZd7UZV4ALfjLu7dUpAP
1898,3wzeXReoE5Ul6ZMLvkAnHw
1899,7J3Ea2kWHLmcdIzeCk5eLc
1900,39xAOG9Op6p8yyAoXWhrZQ
1901,1xHeegQoVbwMNDnUOGhmyh
1902,3zb0rJkWDF52VO5VuEg8Ol
1903,0nnFac30YlVu2aB0aFwxPI
1904,7CUmEkXzsnL13LU8XQnlbC
1905,28jbQJCBOGrZHnrkTb6uw5
1906,3UrNWT3NNc1WJf1KDc4uVI
1907,609sXFlLHVfyO0lyFJw0dL
1908,7rQgL4ap6Z6DUdvbq4MfF5
1909,4SVTdeKqXEcmURWj9KCWR4
1910,2PPvDD3t985MvMphfSwzgr
1911,1GRrUuRkFBnsN8GPHDQrOY
1912,3mRINlp4lAx799YibMxPbV
1913,60dkMXwuRlDMnOis7Y4L2t
1914,4EdUO12GBHTPaAIKkbu4Ed
1915,5TXAPb54vjSOGIX3nUZqeP
1916,46zJNk1a1m0Gz7WqCGdxyN
1917,6xCahfTpYH8QR47MUA1qwO
1918,38yjg5RAU1cmxxtRedCuTp
1919,3r25XjxAmLMOhOWoV6X8N9
1920,6AMO3RJg6ShsL4v3JKpSv2
1921,3Dag0qzZhp5PsguFVKQZuz
1922,7GFmFwrDfsELfBtiuyW481
1923,7xHz8JdwgZc4Vp1Nh5NrNN
1924,6U9qVfkan1Mwhuz6BmCwHJ
1925,4ATuArnscRI2GXkcN6iocn
1926,59ByvNZaxxqN3DaYfpR5kT
1927,4VRFgWpq1J29j7EVF4ujMn
1928,5cqa1Q0B7z0fUwCmaxjYSu
1929,1kX8DoiYygZDcd33aEOjTi
1930,1GY4AuLxUazwAto0qcEWQA
1931,1CsX72BYnBOO5n1a3xn8SC
1932,2pDcIfEalDH8pSNqh8P74c
1933,71qxIkZvfyFGQKUe9YA0ry
1934,1ZNW3pT0WZC80QHyzDxbgO
1935,18ZCRn9GAuLUVMiuNXGyIL
1936,2RzzmUE11BKq5DjyOIAjjQ
1937,6sPcgDto5EI6EBPc2jhDC7
1938,7gn8Iq3Abd90DFIuqvdnLs
1939,0GGAWNUMv9ZnsNdbAYrrrF
1940,4Cr6vlJh83a5Eby9DZRPwD
1941,2sdkUzuun03l8htu2wejfe
1942,0TWaxeD5IGNBOsUHOj9u0K
1943,1VBzoqiQkHNCt4sOUkl8hE
1944,3fbcKscWKVKFcgdX1XaWFf
1945,6wb8FawIBCj7yJ6vU1NQ9S
1946,1WELnoLbD0VAAg1HvI3VbC
1947,0Y3NDVXecRTw8quOVxBBZ9
1948,55oL9JR69c0rbLAfGCFbAF
1949,3de7JZommOaihUk442MYPl
1950,7ACNmhUl7NLo0Gn4WPaE4A
1951,5Oxv1kUCayDfaQJ3j9ePLY
1952,0ZGnDoF1tmUYBDdzG1gKIq
1953,4EEQOOMdNSA5IqO7NpTPCD
1954,2Vx9FC6Um8i6kEtY7HNswB
1955,4UUELgDMIhwfX1HZfjEENK
1956,1b043pDnLPHKtTq00Xg0SY
1957,35C2QYq4OgkEXETksStyzz
1958,60Od32zDXklGhsYo6ADaPG
1959,3UTazkAlLS4ZmVbIgJentC
1960,4Xvd1ZfuZHIOlLz2EVlOy7
1961,05csBMeliOTrGhti6tq1W2
1962,6yTxq45PeS0QRbnEdq2So3
1963,41tn9gcVocI693HtBidKfi
1964,4XsITsnsoAPEhv7mOtK0rt
1965,1ImqgYGNjfTGYEfQMYYbRs
1966,262o5a05pMUDSV2uzo5EwQ
1967,4hYWXUcgQHaVEhnNfO5PhX
1968,4c3IqJDtpEvmXPUQ1uN8DU
1969,26tRs1uVatxA2XXvsavBcW
1970,42WcUIaTj6ggCHj6bNelpB
1971,4MwVmezo1ds4kili6ExbOh
1972,4dsqw9dc3Q5pyuKYrev8T3
1973,5AdsV3zI1XcBqW2UBRwiYr
1974,0i6krHVUvPDOKG4tFV6ne7
1975,0vTDlHYc2iOl6Vwyi0Ld9p
1976,7AodQt6yKbtY1MBGfz5z4V
1977,0KtFP56RU7bd32pcvdeWOU
1978,1dRQfSx4YiKrtBUo99NIzQ
1979,6awMz5xtEk8XSlID98YfMv
1980,6Dt8m6lk18tTFafSPMuDeo
1981,5pHaJ5OVQwzww81I7A0DGl
1982,30EDduwWKqnJimrzIks9QW
1983,5SKnXCvB4fcGSZu32o3LRY
1984,2zc5a2Q10GYOkw8tafoO9v
1985,4A7trmGN4bIwQclq2TgrMX
1986,2KVi5YBlC0Gh0NiMKDZSpK
1987,4l6EPpP9hjQrLb8qNB9eC5
1988,48xxKST8oEwMRSVjF93gB3
1989,4uUxjHHHhoQJIzv4kpwSBC
1990,3h7qY0r0PNgNUS838NqgGv
1991,0znK70T2x4MXL8V2P6r9ER
1992,5fPglEDz9YEwRgbLRvhCZy
1993,0KkHzH0uia9zwPbrCbS6NY
1994,75qYZFfUhFSQSH2aOWM68s
1995,0lofROR75lRgE1OZzPl1Pw
1996,33ichA2TzIOdW248hRlqpH
1997,3HtdHPKqOCAVJTQI3UjUL5
1998,4W0zEerHWorut3IHPTN61U
1999,516rkgWApK80xZvRP2ocqN
2000,3zxbGuFG0DtAmP7iSvjS1c
2001,0Ng3wdamztkVBuiTgzbANW
2002,24yBIq156Pfj6bGZgOWJyZ
2003,5Xm5v4DQ9d9y02eK0jO6zG
2004,1WW8vRSnseIom1EzPkiNjW
2005,7xJ7jHNu3JNfdnao9xwMho
2006,6HB0hHlIIn3jngBqILTA96
2007,14eXE65nvhQnfzBwLIR4Td
2008,7r12oLHbuBAhYcEFAklRYE
2009,3h4aKAY35vJTr0GFpbB03r
2010,4Ze9iUMzqI5MEIQzUV7Ny4
2011,0rYK8GLayXydwsdgP0n9rN
2012,5lerjk0bthUa3F5g2K3GrU
2013,0eIUsIe0Bo1gH7gld8lFbg
2014,2UuvBxV56QWWj2uviGS0up
2015,4Y17kPa7ZinOjwfpy6TW7A
2016,51heTwkSfb4Z5dRIgwU2bd
2017,2gDny6NDG26azxuTbtNxgq
2018,1O02TFfytMNOpQnENSL5yX
2019,41f4EFQKt0oSJjq8KCClJZ
2020,1LtskoW9DkoA4xgST9LXJW
2021,4r58Om6YuN9gjnHim6y6mg
2022,0NzbSqyQ70uJyPRep1Yg6L
2023,5IGnGTSdX9jMvEMostmUfu
2024,51rkfslHbM2exyR4strATb
2025,5Gk324K07rxU4Lq7ghWe2o
2026,6nfJMRoIjyRwk3ZTHNm0PY
2027,6RFmZLQxcjog55cfLtD2m4
2028,5C4iDGl4AXJXglsk6nM1ZV
2029,4REOi8v8eB2raxWyRlCyfq
2030,6IMZ9yk6cDlFlcwFihqDIp
2031,6SpyWA9jz8LUshVeAcsUAe
2032,4jyd6oaioxymjjqnfyb3za
2033,4w1BBgCcUVv54r3zJenKpG
2034,2NwAbsKSl0jrpFw7nyeX8v
2035,7ujjNbAACA0oxsQUjsLCuK
2036,3AlyvIIMZyT5LjWFeK5LSl
2037,2wAuDx3TtAOyhk0cGMjv5C
2038,5RoRdEUXQAx4L0XIZLhRnK
2039,4jsQqogYAY4H9cdwU8zA4B
2040,0TsnkQ7QkjWKIK51Ud80Y0
2041,7KtyUeiJidoZO0ybxBXw0Q
2042,75T8WnF5n7fgKJ0EC7WRPS
2043,4hhtyjAOMAhr1pxSn6bPH2
2044,4Thl9RH4Wewv5Yj00QCUaD
2045,3tFjhFPqGhhLrCULnPu7Wy
2046,7ciCOxjckrARP4Ngk1bLb0
2047,1K4fHsLMyPi7iQUfvxczF6
2048,7E41BxBIjPfESE4i75oDVR
2049,3CMzaw2dLPK3pRuulRegtS
2050,1zH51GiwWnng2cHzqVw1ee
2051,1AQMJbIC1RrLaKbM47DvYi
2052,2G549zeda2XNICgLmU0pNW
2053,6ZWiiTI0sHXAuzkv8x4Tth
2054,2y1qbTzCWLTW1nJrReb4n5
2055,1iBahEequG668HQZVch3Es
2056,5cpYhM2NdVjJXMy9uZhD2J
2057,06gNVKd9j3UbYLxf4b33Yh
2058,1ucXfmZmic2YHYMlhnIhxb
2059,0sYPc6KcWmtfVol9AcZEGW
2060,7Bx02iHrU3mKsHkQnHDlX3
2061,2eE8BVirX9VF8Di9hD90iw
2062,4BTxjA71GT8NDrdGKQJ2fh
2063,35V0ifBslVcHKqVRtqEC48
2064,1mFoolgRsDNPx9aizPSYDn
2065,4EUXHUWrf5xWhp1ckH3ZHm
2066,7exkwB8T9uKq3Vrkg1a3Ll
2067,5hA6xxK21MgXPB9QotKfeS
2068,65KIgWKpqFbvMmH8QUkdUD
2069,39Pk4nMutY9mR59Z1n9BH1
2070,4rMzXlQ1gFfjXZsTFnFy0Y
2071,2Sdjtv4CK9zCA44LV2vaO8
2072,1QUgonPMspi4Law16KGmrZ
2073,0zWZX428gMb9vSBUMRdDiy
2074,2Lbqy0T9VcfFxb6E5OM2Yv
2075,5cOWNIaWojpMeWYhDwWTqa
2076,2f9OKBlHW6ZcJ11cutOCGf
2077,4YV8SurDnk8sctOOZzYtbH
2078,0RTHMVF27KRMHIGnF7iLru
2079,3vV1pBCY7hLtLo3jF11JfO
2080,6dB0xoVmvoGEeQQUo6yo6h
2081,5n2NumxDqtjRYWcDDFz82s
2082,7ixm9y80Wi8lV5mSmTXEBZ
2083,02IwQ1DIAnUc0MtycVlMCt
2084,4tB9cJ50D7OJUKrIQO5xfg
2085,6pDbaWwmHYv6Hr075nfcer
2086,4bJkHOqDJypnJ4jX6M3TET
2087,5ks4uQKdCxJ34x8HF4Bxrf
2088,6LjraWic6Gwg9xp3rfLt8I
2089,2blXZboio9DF8VC39LmUag
2090,2nyDfMhGBwxbpfpyYtnBSJ
2091,4PnOepkxZErC5IkFGouJ2c
2092,6leMaZ0zkY8BBX8hwfALMD
2093,3dsoZmLrPizN05AKnEpV1O
2094,0M5cyXHBV0en8q02019vaC
2095,1XEycvgUklYgcYEUf7vbij
2096,6jyBILFxayAaPR0mZj8PLj
2097,6VkHJEjG6fJv7EomwT5IIt
2098,6Z4JqTlrnnjT2UM9FEFvwQ
2099,0MomByEXmXNIZEuN2cJkw3
2100,6gVgQxn4oG3WXmcLhK4sBX
2101,1xNQUeqQbrXwRVUV5KpA7Q
2102,4p4mji4p6seBTW8csclIA6
2103,7ktNqKZ0BJUWtz7824OEM4
2104,0nFpUBTqLcF3ZMBfdeqS9v
2105,553dWgdmE89xioa8E7ftjD
2106,6hqjMJdkaT9WWyQf5K57it
2107,17XJoO2EQE5J7qGmO7XCK3
2108,7J00bTQv6jCrPYn3OfbE30
2109,0LksnKnJzFEktFYlIarDmS
2110,0rEbmIQjHTKzKraH4UqiDy
2111,4T8lByXJ6ntoQfYQxMpktF
2112,3gIPZTX59AAhSTpMYq7BpE
2113,5iJvtKGTQRIo2KL42xS7JX
2114,6qO0jpRkTTdJBpfvAjeg5x
2115,2IsViAeenDYgc9VLxZM1aC
2116,2LZoSZsGTtoGY6VS6Xlkwm
2117,4ovaF7tV0i1Vd2HK3RhG1Q
2118,0F9g675SqiBs0iaDHuGV6J
2119,7EI5fjyeXgatNs7kQkPOSU
2120,3uGW7oGIKzPpAwvUnFCGWn
2121,1HftQWyKWoGsrmG5lRkJDE
2122,4n1yWNtyQvSyU5QzAgPw50
2123,5o98M0UQykJkIksdDAkGBj
2124,7hzM3Sa8BoCKrNqrKJqyz1
2125,1d2RS3Q3dIraDBdA9TikLQ
2126,5k5sTMloKm2hXD725RH3CY
2127,3eYH0HYBL7itgwZu3JPazS
2128,3Bf3z6ZeEEE3ZR3wyiqTR3
2129,2Fcl8xLWZDKp9tBbbNhiu1
2130,15ArPvhCYK4Aes850i9D5u
2131,138M0lORis5tDxurpIbd7V
2132,32JCQPzflPiUX9weKyUrFZ
2133,3VFt9RBUpcO0oM5v7sA4BP
2134,1fhKchUnzFXHTNpxfmUq3h
2135,19xLRN77hU7zgKbydskoAz
2136,4rJDCELWL0fjdmN9Gn4f4g
2137,4kr7eM6jp2CaiqBNsLFgnz
2138,5qBu7Ab6alstSCAzxTJMb1
2139,4YtTX4GPvBvewbJvBfXCS2
2140,6kf46HbnYCZzP6rjvQHYzg
2141,5JqlAl0bi9cnORNubLKQVI
2142,3PO9OtQdvCDJN8zDLtZiYd
2143,6B3VYsWUR2xf7HptOO2fpr
2144,3KrrIlAUxVlMa0PVE5jV1j
2145,4skCiJhVVSKrDOBtoFbsxU
2146,3BDYBcdbGVRIDxy20G2Mp2
2147,1YCRXKLDRB0UnbrFUJ4F6e
2148,6UI0o8rDZZ8ZHEG0shGjZB
2149,3xybjP7r2VsWzwvDQipdM0
2150,5HTtQMQxpNk64Uj1zXjufs
2151,5CSJCt2MGGyTqEN8wxlUtJ
2152,05CVGFPlWVC3WDwBfTzjca
2153,5mG8oNkNKM2my7t9ywra96
2154,3ZpAmjvMEsr7rsiTUbSS0W
2155,4bJqW1SBOvsfcEzZwsjdjx
2156,4gya1fgKayZeV02y9EHIUf
2157,7fgZjXoVVyUR64nHugTiWG
2158,0SJgVD9AHzWbVEwdOX7wAo
2159,7JHj1L2RIv4AzdPlhau1dy
2160,6a2wRC4bEaWOX6NAqlK42W
2161,3SHx7bBQFI4J8QRr6D5cOK
2162,6ZXHGBMAPVpVKtIirvWRzq
2163,0nw71bvTpWAQR0BkgAwYIP
2164,1pA5jOBPSyCLPBRUU3Io6Y
2165,6uOJGKQMmk2LyNeEwRewTe
2166,6alImt5QQqa7sC6aEsTaVA
2167,047y12GiVsTCSuYZkmboNM
2168,7J0uECwRkAFLiZljgYFq1w
2169,0Wxby36HmpYMl0cAwDn8FX
2170,0B37SGLtZhcqrNnqwPm9Uh
2171,1yU1K0ZOXNmcfIkw0CBvbi
2172,1G8SXUDxdrXeclP6XI5lp9
2173,2DrAYmozfh5ynk6aLUNLxZ
2174,0U6ldwLBEMkwgfQRY4V6D2
2175,2ybkO5lYEHOiZlAOe1KJrj
2176,1JZxCJ86P4GUYkHj03CgDT
2177,3Je0m9sTjj2RpE6RLaDXlA
2178,6DhYafOBMY4nxtrYIL8JK0
2179,6FED8aeieEnUWwQqAO9zT1
2180,5atl6X3QKtc87lSB58UW2a
2181,22aCpij5GUIpkyuDN8woqa
2182,0jqcY0azNzkluuC8hxNGlw
2183,72qA6s4fjF8Y2VX1UDMfp2
2184,72TwsAahg95VjguVFTsKqW
2185,2k3yOfqT2NT1hj3BhwZFTJ
2186,4lY5cNzaowQ6N7RcEiXDma
2187,16OC7ocDmvdwt1POMJY2mi
2188,7znxn446I0HDNWcV86iRLz
2189,0DdnuauBuHPfG8Y1pAmYVf
2190,0LioZXqkOOQV0JZLY1jyoZ
2191,5f8pMn2A5d5lKMDapYbCmp
2192,1Val8NiAXyp2yTBiwZ53Ju
2193,0D2ArJUb7VQ2tVmsHZohUZ
2194,7qGL4f8r9yh9yCio7ry4EA
2195,0rn5NTlUuUcigNcNfHvAUO
2196,6eVaPRRd1K0vbHAuQZc510
2197,1JqHKxNhfBv3ZIz1VwhENp
2198,0WP3MPKNJXQrvkm4VoEqEv
2199,0GqyPabtBnNbl73Vivcatv
2200,2Uj19iREWnZV82vwaleycZ
2201,2QwUSdZPZgqHHXikN8IyD0
2202,71YB0UNuZJkxNI6UM8t8f7
2203,1Rx4KTM2fpVdUIp5ic4d5c
2204,0QGCEo4rB9ADCzqA9I47f8
2205,0Xtm1ILSm1hdlgQEOJjMx4
2206,2yJ5Xyipq9BRPRkJPdVW4i
2207,0mw0v424Ribwwrt0oMVB1j
2208,11Bkx3E99vf0IlYPND61LJ
2209,1ZGxGu4fMROqmZsFSoepeE
2210,26Y2EukOIUcgSt20c8jQPN
2211,5EBGCvO6upi3GNknMVe9x9
2212,2o9McLtDM7mbODV7yZF2mc
2213,4ApFzWwwVGg4nZAyIdUPgA
2214,55LyR7TjjagrB1DinBBlLI
2215,6O0DDX97FfbyzC7Nw720sw
2216,2rtLp1c0L2wxyo7eAcugsf
2217,1OUi5pnJVg5guQNCi4Hw8W
2218,6UsJMFZbhzvWrTDX7vr3pr
2219,2v7Gt7mkGcLMnlTJa97SPw
2220,4Pp1hdXYkrDZSkwDuTFVnO
2221,5LD66Gv8e9NnGsWjARxdzD
2222,5gWNF8OJ7xsHWzqoeSQZx0
2223,6WRXWFeEuHKO11fRgMopzu
2224,0wF7e3QCjqx2eACY1eMP0Z
2225,6Bq9FHHUxCUZalaQ6YwGjy
2226,59HfislZ5AH1pHZLUPy0Dm
2227,0O76Y0bvZcocBQ5kNfi6mJ
2228,0r5ZrQQYRlqubtEo8FlFsF
2229,4VOhX68cOYxTBnaqlS9i7k
2230,1zk2ISa5B4TfnIo3HWxdUj
2231,0esfYtXI2oJVzxrkBX52F7
2232,27xqCLyTHom0wyjtw08K12
2233,5rklupKXwuF3livfowk4NH
2234,3oevH3lLNZCOC4glBpVyzO
2235,47LpgGVshd0tbFSbm9tTLb
2236,5y1VcYAEw525xv88JBDl2f
2237,1Ais3SmChqsXlQ4Nvv5BX3
2238,4RH1KjpPQxqtOTyV6WikPh
2239,0VXR3HSaSuA1Vunj06a4Vn
2240,0bGw8DXVcLNViEsP37VhLi
2241,4tCZ22E9RnUz09OaDJfaoO
2242,6BLPwtPvpmqKHp2pFfpSIT
2243,4pPWdULaRAkkM74XEH8565
2244,6qt9akTHUMMdQDWZ8m8cDj
2245,3ZEV6DAHnpsPZEEXuTxUvF
2246,52XLaAgw0WaMS5Ha98y8E2
2247,5olVB8zlzwk0CnSwyJb7Vo
2248,7mkyc2BUahNfo0orKzqNGB
2249,6Po6mU6b0NgHOB0NYCxNpa
2250,0fyq55c0lsIIp6j8VgUxeO
2251,4UhEjfIRx4tE1XRY21vwNa
2252,5Dcz8PZHKuvTyjbqEPL5VM
2253,3JgtFZroTUGoklTtb2xOne
2254,2HZuNcdyDP2IA2T7MtTWcv
2255,67ErXRS9s9pVG8JmFbrdJ0
2256,7kSa9AwcDQ6ZUScaXxp8zP
2257,75twy9AvEztzakeABq55jd
2258,1iyPzfSAxG21a4SXDNvAQN
2259,4GrJJyYvrXDOCgr9tGo9s1
2260,3EwMFeUkcp36t9IVJ8d54q
2261,1qeAOEtA9wQYuZSq2qgpwO
2262,23lWKApUIN1xwj3paqKWes
2263,4EeDFhIVRxOg4dx7ozSNXa
2264,4N2BcZUs7CUeqA14odKOfX
2265,0hPQX2MwQ7yBBKdVr2pwW7
2266,74KdPwwazfyDIemc00xlW8
2267,1Cy2IEwCvW42a9SjuLe70W
2268,4eU4zpHvOkY2V0IV5BLKf8
2269,4aoH9dI1blcm4xsi4KTUF5
2270,2Rw7mzGvSUKieqvoLD4cr3
2271,6xtSBTNxRTHxkQXp5HutT4
2272,7H09mUZVBISZTRsbzsCNfi
2273,1gN5IKkqsaX09WDHMJWzSq
2274,2cdBOw1E7ERZDoVLZYcke8
2275,2X9j2nmYKd8I4RGcShnlgC
2276,2AzFsL7ANckjBWqVIO8sn1
2277,1l8BRCu17SXzWswmVSpQml
2278,5LWXJVgZPckjjBWj2ruR5q
2279,38kpkGLuPr1nNfD3iEyOlJ
2280,1ypdCwJwVaUHuFTnvvQbMX
2281,45IcnOlgrZDKNwwbNO7CAn
2282,0HvHR0nVBzvwkzsIMHDRoZ
2283,11kIpu7f0W1xLshyUW1z7n
2284,5csXMdS69VOvh8MjyfwkjB
2285,5GFfI0uQGX0kxrbwjOv3fR
2286,5tdGgaiW18D6bjHFLhtblL
2287,4pzCKSWYNM2yUWrNvycC6e
2288,1dxyoIAlE2NS77K3nzei6Y
2289,4VBJwZZTWYkObY4o0sFffq
2290,0EVgPaKOC8o9JFVpKLMSoz
2291,7L6gLnSJBTU0tOneX0Ol91
2292,1NWp3VHgnrCWpW56biP97s
2293,41DvEtD9Va5kMoPc5aKVc0
2294,72tSmaRdPRUNZtPT5hcyYb
2295,5aQdVDQFVq43QFPPdSmUO4
2296,6HJDrXs0hpebaRFKA1sF90
2297,6vk4cuSDQS1OhoIDEIu5cK
2298,1Czfd5tEby3DbdYNdqzrCa
2299,0GKZO3H9pNVgTuhwCJ7TJp
2300,6s2UZLpqLczO8kWmyiYUoI
2301,5xq6RMHNIBA73qld03dR6V
2302,2Nk1PU3MtefCA9QNg63QIV
2303,3DZzuSsNXDnubnnu3BPqgu
2304,2LWLgGY15e9im0KUaASnFa
2305,5iW6USNkUVgPYVCPhoSXpz
2306,3AegJqG2LoOQ7qkZnnkeJG
2307,3i4B0RDk45Aaul2HKQxUPN
2308,2VsNOXb9DdDLOoSnkVdskE
2309,2OFFIWlCbPUQTzYV12gBxF
2310,0JGtwNtJYWO933wzXPdId3
2311,7IyoGB8J31fvQDwGtHAq9m
2312,7c46u4J7WIam1smay4eb0P
2313,1nvgqcbwEfwX6sNXHghIKD
2314,5PPNxv6JIIMyINctbKtsvW
2315,2bclxAmNHAjSyTk1qXTXEu
2316,2T8UlI17u5hwTqu6zkpkW7
2317,5WPXLBp8n4yrU9Zzrr4iq5
2318,3VH9BRaAzvy7n9X5DNdHxm
2319,2iTYFejcetRy2wj4BA6ccp
2320,2kqn09pydzvKvB3xWbAxY4
2321,7AaqMMiYMvnMB3RcS8u3EY
2322,7k3BOYZVMerwnrGSTBPJwD
2323,6JP1xbkFnacGAvrIWW5pzF
2324,4k5sb7GI0J55nMSyIHJsXg
2325,5fPat8IjkbKuwk27MTQIWy
2326,2b0TUn2yyN7BH7LzoqYIRe
2327,2QRjnhKQgi4nz3kuqH1UwY
2328,5ZO41aiZvwUanT9qKPcriR
2329,7BJfRHX7MdeZhzH4IzR7Kw
2330,0zNLQbLwk1g9C4Ic5hnme2
2331,1gzX0POY5sQ1qYkScIaN1V
2332,6ugE8dVzZdepHyyGxCt2kW
2333,43ngUKpEMUdgNv3cHaWGKC
2334,3spJmrm4rJcBaZVPxnXJhb
2335,3GN1tT5enSZQ6lMDtls3an
2336,2Hjcfw8zHN4dJDZJGOzLd6
2337,6GXucyDVunCpe3OCoVo1xA
2338,4TdxErSMGpVsgH6csoiNey
2339,4gdlT3JtWAo1yOAK1WdIGh
2340,25zSh5FAL8kUh8z7ivwBH6
2341,1yM29w2suYVpMursUbXQMi
2342,2MDU46hcBn3u94s46BOSdv
2343,7kuJ6wtlijDEk2A71qG2q6
2344,58bkzXIuIabVia7LjAOpT3
2345,09kU2R5DyHy86Ko8xXfkKK
2346,08hzIHhGuEgo1l0io1pd3n
2347,3Bzyfh9ZBRx6lnniuOuMvX
2348,7FSHQn3g0X4Io2Q2U4PcKZ
2349,4WNXpeZR1jc2NFgOAeyLMB
2350,5ulYXl8kDywda5dOOFkZpX
2351,59E1bNNidXNQyLWzBwnPNu
2352,1mdbJt88iwqkl0zEMGA8XH
2353,1jnZco9PxSoj53UgEPFLEw
2354,5yJLb2tN0BjKL49SDEoj1e
2355,4Utf7ULgj1YcwSbLY70Gmm
2356,01AooA3ywuIEk6EQaoWjh3
2357,4gjKdtYzPBmVZPEZJ7aBPe
2358,6U4wNHIQPFMrKKSxbcZUvH
2359,4LA06BUD265HXY7Mv2HUG7
2360,3oaGekoJ37K0waoYjDzaRr
2361,5fOMATuYQp3StRe5ViADAH
2362,1Obf8Cg02ztGSj2z0Xf6hq
2363,75g3L3m32TIGTugnpNeJDt
2364,7w6JfcM0dR4kx7W0izCGIF
2365,4S6S7vkLfA5dcMcFcqQ8tp
2366,43giRpsldWH8a0BamKbdu9
2367,0r8l3aDR2okS3AZ0OekTVs
2368,3VWYz2n4gMp6wh9FPp1hxx
2369,3e0hgc2RRFoprPoTORlbjO
2370,4ZoP6U18EHLxnrDH3Zud5H
2371,36mvzijHQpxFLBBcrJCjbR
2372,07DseFAuj1KMp807W9XZVl
2373,6HvNCIZj3oCfxz0j75HaIZ
2374,2AUgp4qCmDNbXaazqJgQ4G
2375,0MUCej3ZQTCaU1u1lAyWJC
2376,3p4PWDPo62rl2FfpvsrEdB
2377,6fwBNnSZc84IyW1mE8ZLsA
2378,50Hpr8aPftPZNTvsJU7N3f
2379,1wknSyzdXstbYaLQeu11cg
2380,0sf58fd9cOtyZEQgnE531s
2381,2wiNiheGgmiI4irB7Zh7uJ
2382,61ZPe3vsBsjtOEluQZlpwD
2383,3Z5H4nIHyXElLVgjs7Wsy9
2384,6FePdYF8RNzmH05uXIMW76
2385,61bP4KMs3Q8vIr72XoMezu
2386,5Oa2WgO3Jfuw2IKYrZNzTi
2387,4jZI8SruF5N6sKJoWItEhl
2388,1X89FxTJxJfDGetf6u0vGm
2389,7m1r9h3wfPRm3Iv8uvq9vQ
2390,5vZj8wN7HLmQ3fPy4r98P2
2391,5nOOQpS25pGegXU4YkGGSg
2392,1uZt3krO6HcWqaN3kxVzyf
2393,4tpG2K3nqcrFNGBikX3dc0
2394,6L94D9kS00Xj0rUZu2h5Ua
2395,1goTTgn8yBzKNOCocQcMQy
2396,0XN945pdw7kvYRndgbDuSb
2397,5hz6j2StCK4nazYid9Co7k
2398,211cmD9AlnfpVTEjhrokzl
2399,6eFkuEfykAUpthUiUeu3zw
2400,6jIFptBszZu7Y6hlkBRKdy
2401,14Hg9OWQ2QKEl5YDH28SER
2402,4meVJvSnundOZ4jYKl2aYm
2403,4ah0Xl7jwAvvLa0mM01wwR
2404,4iSFl3rxpjqZwWOEewvrAc
2405,7pdkK4tOl0bstgWHsX8J6w
2406,1GoQkPC6oB0n9xQIdHCzwW
2407,0SguYFOyDWomwiGSUMwe5X
2408,55EVUWT6xhtsrqm14VZTSw
2409,1v7yEWnPsVDcMUfwLDw2on
2410,3uOEEa9T9s1lpoKzVCxZU0
2411,7kgXi2JtnSpL15OvYsJGae
2412,2GJNq4qI1bVUGheC2Qevfn
2413,5OjzRDl141Fndlh0ex0Bv8
2414,71xFWYFtiHC8eP99QB30AA
2415,0TqOftxXYWAGoFlk8z1yK4
2416,7Au9onZ7pYxMNLdb0vPh9J
2417,50cKcSmA9WNslW8pJQAgWi
2418,4MtX90BJLKOVHG36jV9oaR
2419,6f2hY1aVpfDS8VD2hFgyfe
2420,5QtVyQ6zY1MeSEwaCscyHF
2421,7LXPQASiDtIrjgRAPAai0F
2422,07mJ8UjL2BzPTDBE4r0LmK
2423,0d0QL1mV66wpb9cBvCSF0G
2424,4EOivv4vgGvUpxzkC3HrL9
2425,7JvwVHBWI0QdgAIIC1CBfG
2426,3WoY2TbvlG456p9DHN8o41
2427,3LXazrDgUYUQnvMglXVAVJ
2428,5FBNuaCjC7K8hdc9lCXEhs
2429,66umo7LF1AUEdDsZyWls3k
2430,7dopxheqUtJHz2sBs6Y7ns
2431,6bNLTCQDWUNjnXZb9YsLQh
2432,3mlWm7YnHF2DZmNP669oVS
2433,0Mqv6k0vwbs4ymGMJeAsEd
2434,4xTit2yF5n0yHVu4IRCRL4
2435,6JjUwDJpLsxTfpvAi3W2Z7
2436,6g9iAlQBRKrRetlVg1hTQA
2437,0aXH7uskHve2F50SzHyQOe
2438,5iLfT6G0VLP4WHUZTAYuEF
2439,0O0uE9WgyxQsDEFSAU7XMH
2440,7csyD697uAdgFm8j9GFcLT
2441,40K9thYXWJlXLsIUS5aStv
2442,7kehgKTU8wOLxIuFOMqlFL
2443,3qTqPnKUJixgfnsYia24oE
2444,262UQvPQEIigioNFqLknVb
2445,43IdiirCdiNaEKQqNidF3u
2446,2Pt090paTHSNOAbWNW2hPs
2447,4gjttixmMAKMzzfrfGmDGr
2448,7F2E71riKnBUpeu5VFmcDI
2449,2cjb94ReCIDfak2sqzEcoB
2450,1u8ZsLU4LYDJFo53xiuvpC
2451,71w7e3LPbGTzjCWRru0Adi
2452,2TNtdlv9YK1rscn1MgjqLa
2453,1stb0MeoH4AoPRZt39UhVy
2454,3ML2jP9oUQgmU4AiDZzTSc
2455,5yKyIWVhJD8muR3Yy1zk1N
2456,1mGoq6q9X4HqoPWPZQ0yWW
2457,0f0nGqpgiu4z6wg0Mrcs8L
2458,50qvafXKYZcVJjxmslA2fa
2459,0A9vjIMCxgEhfiyRfvj6WW
2460,1VdXVi1Js7Y5McjhcU91Fp
2461,5STvD2F7IQ51f4Cd2y5r3z
2462,5Gs0hhZRYlR3kouHqFsrkV
2463,2R6wefBXnMzCkRoqD7FdNk
2464,4I90PuuX5yUO0XwWCfgFZm
2465,3cFYUcoJQ8NcvvkEnWfzlg
2466,3OR89PVUDdYVpuwQw9kALG
2467,1NO8hXsBkDrX9APjPjDPDE
2468,0nHFGARezwYhELByyuabJF
2469,6iFQqMVZ6eLQESfdkIzVXO
2470,0FnTw6TY6iB5AHATPzCYkd
2471,1NRRN5RWwfuLmQdjshz0L7
2472,03tgCJ19ar8hr39aRSfUIA
2473,276GJQROaVFWuxjiVe0qG4
2474,6wnrUArTHnoO7XoY7oYXWr
2475,6C7zmdqDecBlcwnriGjCgz
2476,5EITGJvW9atyINyyiyLrcg
2477,4Q6aT8fIVaYFsJc7C6OrAv
2478,1FfgC7WkM01BbuCPElOkym
2479,5kE9pfTSekNenqqdlvtBQd
2480,5og401WKPepSQLhhdLFlrs
2481,707If6cln3gNYJyYkSumGe
2482,5Ep9gQGFYcjpYZ7KRUYWPI
2483,3t2nEfRZ1um6Spqw5P7g5F
2484,7MkD0uaTIsBtTNEOfXLGJf
2485,7lLGtPmonSMZssjE68uont
2486,5nK0vU32lSmcGrglfcOfg8
2487,6pJciZv8HMs7imWW9s9J6P
2488,2k3EzGltcfPfDO8SlIzn4m
2489,4Ais0a1C6EzL9gAyWlYqJb
2490,6vU51xPNoMFMv1iEfiUeoU
2491,07iExA8pPReAFXXIIthVsE
2492,0CCiamMneF3QvlChkxUs5D
2493,5sE5skvsoCm2wfERTgdxql
2494,20kKZs18NBZ4NyLQRo0Hxh
2495,028H3bu5WNbsEji5xXrn4v
2496,5GSidytcItIkYvD0GVQ68m
2497,2Cly7tOvZObQhoO0IGQ2X0
2498,1DjNI8qcZMuWSCgaqT8SJK
2499,3dwqHHlhGXQ156N5EUkYbr
2500,17eQeA5m7DpsZ42mUAGjgG
2501,7uTAOR6qMgdCqZhWHJMZDN
2502,1G7mRxr8Qx9VHHMQyFA0DK
2503,2vTPGMEXCERdsq2aDkEI46
2504,1yqwBcekd8abnG4yN2jIgQ
2505,11PKRnLr1ZvtdN23gDC5Qq
2506,3E8i6CM5RmrFEYM6U2NpqS
2507,2y1ZarVAYohbyWB9zidUe3
2508,2KQcFObxbIV1ooPbuw8ixt
2509,4FLIb7KILAeKlllF1SeRTy
2510,69RheqEskuIlRLlDTcqIeX
2511,3llZpeXGCVbJN51XZMhFYh
2512,0RjY2G4Fzw4WXinVNDqgVr
2513,3xHJGNNuHwJucBWYLpkM6U
2514,426j4dLXzZygBoi0rAzE0a
2515,11FQfIddM6kxd4nCRrPGAx
2516,4N9XukFNkd9WJzgj78amdn
2517,3StlnPpl2Q9UMfbUVjO2hu
2518,2pwc00f5uTFXWwOBoEJ5jh
2519,6U1xZAotdbsRkfLZG4tjdi
2520,6UKTBg325wt2gMHF1STZdv
2521,0JnN0ZgNrYxz3Gk725HiAd
2522,6O2P18TQev0P7kOH2bYxwF
2523,0LnjgQoLmLfPFi30J7JtDS
2524,5sPXpdvWfskJIrle5SfMoA
2525,39Xtg2gNOTI4OBnWi5jtgL
2526,0cszZwl0JRKHBdcFLfNX3T
2527,5ATDgtXNb4qvibrEEaPXf3
2528,7qc7uP4et4ATd9YYUN2Azh
2529,5CvK63NJiwT83pP4cJVLlW
2530,4BSvr6wzkjv5t76Sw067hI
2531,6hPxHRqul1yZkDyEVD4SwF
2532,33x9Ti5I1YsXkHyFzr1lw2
2533,0sWDa0AypOSxigzNDATNkX
2534,14NJ8RfzzRpbkQJ2I3L46n
2535,3EeO4iTekNosR67cTZQup9
2536,2p3G9d8faqYddxZ9B3xANG
2537,1ToPx7cV3wSt3S8YqyfZ1r
2538,0bTkYfBstiSW4maInjgqVi
2539,5bKqc3kvJDlG33Y4XI6YyB
2540,7kxbksykSEI10MdtXyQOO8
2541,5SlG5qWecvQcVujuuNnRng
2542,06BLB0YP19RZgiqvYwho9A
2543,18FmT0sV1a3wIztWGUQXfq
2544,7BtkpIm8Gm50ocm8l2Iu5V
2545,0DaICil9Efckog308N0xuL
2546,1FH8ruELaU1kthrFvdcSmt
2547,0Y19rWYThKtYe3WW0QHr2N
2548,6WqXR9PUGCCQe26QDL5gY3
2549,0rWv7JORok9Zc4hwdFuXuH
2550,4PWwqffnItE1awWIfLHwEz
2551,04DOnsOFx8MrXA1JpjwZLH
2552,0XU6PJ0JUxJ0flboCyKJpk
2553,27yHwO5PTyq9lLYdzdMTsj
2554,6m3viW7lO2fhA4C1BdJ8PS
2555,4buzJBhTltzblVKpyGl1rO
2556,4HnVS97zGZPkywAV0n48Rl
2557,0PHv2dssekAR5Asoj33Lbn
2558,6tBqQasF7sh2pjWLGbebx0
2559,0lQvrzVtNpeNCBDRD1goF7
2560,7xfoGxTPNTt33IVcWjDrRt
2561,2ALk2pdlC6CML1saXhz1Nt
2562,0OWDzYzhnfmKJ8vrBy542M
2563,5WMLlQk7xLN9A40jipd3xo
2564,173SP0hX9rDkfgL2jqLWlJ
2565,4r1WecJyt5FOhglysp9zhN
2566,4vMrOE7Vko6XnxOxpx8xbP
2567,4KSSYq1C7rhg84anmu1Pds
2568,04fJPhZwJpdMf2rcdSJ3o4
2569,2iLpcrkGvv5TlglZ0BdNS6
2570,6fk0vXNbSPdzPbaoNSwp6Q
2571,6yxapOXlAlmQvAmxhISRJk
2572,3kaiwH8r6Wg62D2CxOr0QH
2573,5l7H545fbW6qTIT3ulSRVx
2574,2EvqKwnLRkDZUnrWWlDB8p
2575,3IRLepBwoxl16Bkt2mj7GM
2576,0UoIEoMO8GchrDZQRSIzmI
2577,296IL53UMChcX9kIqopeNv
2578,7HW2FVXZ6Fh7d5qQbLZKCd
2579,5wmfZWzWjS1UARhcZSirf4
2580,6g015VCIuTF7FAAGvC98HO
2581,2Mu1dvefR1dwu8SJgySXQ2
2582,56gxbi6ZzX7MbMW9IYisfk
2583,3RLEyt7kUpB61bSBHzu4NT
2584,3huCT9ebhLrCuzh1ax0ZEN
2585,0vrcSt6rPLIkzTZIqN81XD
2586,6Kfvysu2wo8xaREBUJ1c9o
2587,7cXnswCiASthZMBb4jKePJ
2588,2HOl8gDiGGpt7wsIDi9jy5
2589,1lXzdRHclmiVl8whBqzXZh
2590,15nPVESpZNf0QBRwu2sMbI
2591,33SkKSM72vyJvx5oc13351
2592,0pG5EgtdlVeFHWRPJNB8p0
2593,6yN7ee8Wc9JazCNr3NsiQJ
2594,4kZYTAPsFA5nOs5y6zxRHe
2595,1jE4zzHpg9YquKojJi5fx4
2596,5XLCFog0qr2dw0877zzypG
2597,1GJ74fwsrWM7dkFzqybwKW
2598,06R97b4YCENLoTS7kc32v5
2599,1Po1bRIZS7PXEF7qyVP0J4
2600,2XLCIOJfUC3Al2TURPqW05
2601,5qZNAZ5xJCUAiyYoETU0aj
2602,67Yc6dfTWwuPceZRK7sluD
2603,1ONN7Oy2iaQK8PWnz9kQXK
2604,1RFmr9Rm65BAUNrSXy2UwD
2605,3tOXPZOjuneKvc12sxECnQ
2606,6H6rN4w9PdLZrI9Wql5qUC
2607,75abjXKDrIsBuz4GG0h1D4
2608,1VUlxoPvDA8PfUDHTic793
2609,37yIdvkqXm1XSj5aqJuJ02
2610,6Eng0TD2pk63kPOEGFWdy9
2611,5bGumbB29JBPlv4ECVURka
2612,3E8edO1uI8azdVZKG8UXmE
2613,0bEZDwWaYrRZNfatVRsoTJ
2614,2IGKisSgNle7264UoY57vO
2615,6mJZhsFmCN0nJcn50H87H9
2616,6Gdl2A7LRy4pD9ZoRFsuej
2617,0M2V8NYYyOBtj49lZ9Tvsl
2618,4hkERQVrmM9JQ9g2eie2tL
2619,6vcjRhOEMmanaEdfmAmUqR
2620,6IC2TVEhy9Zj6tmNIySlSR
2621,3kqO8qX89Z5J2q3yn8Z7GK
2622,3sgDRuyfe42VX9rGDW7aBi
2623,23CXN7xbwgItsZo1NRiEeV
2624,6reqzR9irdAHWR8abHyqbG
2625,59JiwsQ9p5dJWWcBEGB5Np
2626,3DROehnX18okjeqdA09qQh
2627,1YCpc0CqLEVtgkiCvmYry0
2628,3qGeRY1wt4rrLIt1YuSwHR
2629,0r2P1s9sFSqJA7dwsIPVdx
2630,0LWvdCep1WqVrBXzo8wm43
2631,04r9yvH25PwePggAYZQYq8
2632,66zaCgEmfljH2dcgL2AqRw
2633,6SWdfj4spcCkkELWlOKSHE
2634,1jbowZlOPLltZHWGditXkI
2635,6E2NzvLeWyECBSekYAhOap
2636,4ngKfIliDRLCnLJhhsIV6t
2637,1Bv2ed3L8RNSOlvaHZdkzG
2638,3OdHWijDvfvKWIPktfTgsl
2639,3GbfphW7hrGt6XKiIXuZ2M
2640,2zgb2l9pexGdZkM5pGuwb9
2641,04Xgxe2lRRSK9MN3xDt16s
2642,7CF3mddOyvQ90tus1iZ47E
2643,5gBs2Dtu4ZZ14o8CW4TTpo
2644,4kxD16rlkLrlWhaNtI16eV
2645,39944ACXhgHs7gjXa5HehY
2646,5c3XBglq8bF0aNPRFdx8X0
2647,5F6OSb1BBigMFAkGEeh45N
2648,5CKDlxDSqiCB2E5AXzmOm9
2649,22bdIdviOSWmmYEhQxZ7jw
2650,4OV8SvG1jF73uSBizpC8B8
2651,4kQoUjU1uRgZDHYjdDl5mz
2652,3PogVmhNucYNfyywZvTd7F
2653,1bvWOaUf35ICGwt0Rp5OeC
2654,5szf0IwOL3HrcNuYddXlEt
2655,04ufzMEFtkj0qXhXSeN0kK
2656,63I8Hox02wSAcaR4z5KgTN
2657,3sz6pssQf1YEOHYwlsjDRF
2658,3cVNp1AXxdzoKIs9r6keWU
2659,1eFLCXEcuThN3QpMffhfvy
2660,3CjuTytLZz3G9znXt2rJgU
2661,21kPWkieTB0qw0ICMnkVKF
2662,4FADvCXok2GhepAWLE8Fs1
2663,4f9vCZ0XJcEVOD7R1USEKO
2664,0U5DeaN9Zl0ONckS0I2LnI
2665,2WMgKnF8rhQC07bXz8FE9L
2666,5Kr5Hx7x1a9tGJORyTNoKf
2667,6uz1fNC4QJx42wLNOYqIns
2668,2Pd8vlnULF9gwrJqbLEvtH
2669,70irsnvW6f8Pl8VRerCVQ9
2670,6zMH7vnsAxldAIrWqD7LC4
2671,7CWSLPmiMIHXfETjpdOVT6
2672,7AlkWaAKTXP9CKJma4Lycy
2673,1vLagTg8niJV2TAeVecAIr
2674,2YLhTZIOQh1W6rXqVfOtzQ
2675,6xgnrOvZFB5PLnxmCkIkAW
2676,6ZkgLNCoApyC62eYrsKukV
2677,1IYw4VrwQ4p1fV6QyEok5E
2678,141ej4Yg0gxCd8rHdFoNu4
2679,51E0SZTpGH7kiL2pKXtP9v
2680,38BUSePXkHHL9gNyS1weTB
2681,2zMzHUT39oZ6YhbdXt7JCT
2682,2ObrzUnMJTs97CI59S93XA
2683,4nrS4Gp8CKSXTWtgbPQRlf
2684,1EDKJJMPpOQxj2Q82TO7SH
2685,37HI00NKOh2EBb9gWP8H74
2686,0zv9Yp2IiNxbav25dAyS6H
2687,4BiskzVSqzt6CDQgMJw02X
2688,1bik9Jmgy3hLnx6V3nvaK7
2689,3Ezg5SiOQ2Yz8Wg5uKK50V
2690,0vOc2SeGA6Uu7ggnZyswkN
2691,1lqWGHY7yNNHu5L3JFHJCU
2692,1VY0k5ROlGx6JUQbH87vlC
2693,3Yj03W2O61KblOPoY7WURO
2694,4r9K3GGIOF2ayJ8rbRaKCg
2695,5txiu4iRX3AeHxuKqXyFna
2696,6D1g147osjbvbKgHyebpeI
2697,6tAgtQu2f2r3A7SQvlDnDY
2698,7uYAa3GMb8TSsK5lKE3Cbn
2699,4p2ULCVsTN6rlCC6veUQGC
2700,2GUgfxJEkkyrKQEscYbWE7
2701,3Z7FT0uHk4FpnlAYxhPkQ6
2702,28BrFxsnBMjN689hOuf1jv
2703,3oo1ObfRup1okuu4CKQM45
2704,39zWkGGJ9811zUhYxJRFjt
2705,5xifZlByZcZecgkP7sYSoW
2706,05OUNCvQTUIoxP2USQuWWp
2707,5WSPnYTQ6YZ1UvBRi5quhO
2708,4LsRXJZwta8Fe4jDOTtVPO
2709,5wwQGuazQaPtxOddReACsV
2710,2lxYSUgQdH38FdZnegAt0f
2711,34Potu95HyI364JY9GLnrk
2712,1v4IuDhfydWiuNVjXxuHTw
2713,6FJyyoixllClWvFr49uHCS
2714,4eqgDEEkD4QZijmUn0dns5
2715,7mB5yhTfOUdtLdjRAsPY4t
2716,1EozNWj9YemnvgrpvqHpca
2717,5N9QAscaF9QeZS0a4ZcnwG
2718,6D9kjJvj2pdYEfjkJZDu9s
2719,3wAMdnbT6F7EM1c4mVe6zD
2720,4ZMkt0tFGjbCXDrnCAwRHq
2721,7kQHV1Onzl869swTQVHVqQ
2722,4g4z5yi53Y9gg4us8JM4S3
2723,7l1KUvadF1rcUXRhviJXXD
2724,4hjEjeTXhy8F3MYkycVS6Y
2725,1feqOTNmK9LorSAtrpqZBs
2726,51uGsBQOmEtMctKYvaEwvH
2727,3SLel9Pbu0sXsxpCN6v9d7
2728,3LFrHE5jfonwd79oo6bCSq
2729,3AFWrzAxdy9cX4fgc7TSBF
2730,2Vt4BvvmvF1O7j22lxfAK5
2731,6IRIIPyN664aHcamQHV59g
2732,171XJ4TEorE4iM9xZliS61
2733,4RowEH0oNbHDie8rP2FDnJ
2734,64ub4SfdC8wvPjdUXw8QY9
2735,3l5AwLKqQ42VJbc5lTuP8G
2736,7BLEwQAzuFr8d7y585Cwnc
2737,71DEqZQPK1OhGtZ9bNtbcc
2738,1J890E9yH3NSp6MVimHQpz
2739,17EwYLOLcwhkEzRQw5F4G4
2740,27kwcpCGnZAWK4fMOdDea0
2741,1RcZMUVcZrMxf1shgPN4o0
2742,0kgFM97q9JmpIQ7KbpccCA
2743,7fCI18w2jNBOJYYeqFDMHH
2744,0nnZITjiqmY50zHCP1uXZT
2745,0EXLFY4NFNx4FlpAlFO7ly
2746,5WtJ2UhWNTmCnaegmuXLoG
2747,4hb0ZwkX4SQL6Kh1PQMV9D
2748,7wbJhbCvhPfbK1CLAkpq25
2749,6KH0I5mrNXDuY7Z7oSeGOo
2750,4HGpekiabmZyat5xw23uZB
2751,0s2GXx9LELZ08skFYJ8W9b
2752,1YpEK4FrwMuJHhpCqvRuVg
2753,2ckY7FL5HQNdXSTooiKCJy
2754,4nVtssCUZCfZth9XKkJJ6P
2755,0RJz6swVy14aEYYrZQebDk
2756,7oxpicGFT30vMcZdZO9AJI
2757,046toK3mprR6caalRr8Vam
2758,52AKhKgiYZfuEWO3KCrQ4D
2759,1hsJi6f6wtLyCEweaPOTGw
2760,0Hv5X7RRaM7F3hfAq0YmzB
2761,6y08a862sRi9ILcYGkLljn
2762,2hSnMHuLYfpp8hvdpZRjAk
2763,0IOZCTHj2A1bny1pLo4uRh
2764,5rZuC67lXA5SI6f4n61gEw
2765,5CNkf7rD7QiaDetdQasroJ
2766,0AK7woKmcPwiCyv3SDiKor
2767,3fFxlhZZD8x7BF1kYEQRqO
2768,65r5e2ppU2lIJhyRph3HS2
2769,3g8KDFecnLPa6YiBdHTl8K
2770,5v4Vx9loqMQCS3J7OmP9pa
2771,6U2LlflINhafc0e9vhs0lp
2772,7yp9iqFTNZlruW9CdcYhQG
2773,3RoXNibrgU08F2i6cgJGqe
2774,7qvw3MPdulHThAPqaM9ynF
2775,7vjwAmtPyraDahxmS6X9qa
2776,0eDkilJPtjHJfmedXgAZ4W
2777,2x6s7ooABaADFz7ZTbuAMG
2778,0yRmB3L1kuD57nxv7JGawA
2779,2t70lfxoIbKZHKFKN9ZnqE
2780,0GObizZXWThQ74JWmrBn5Z
2781,5jNxWuqdnchBjdoKykAsY7
2782,0RejlT9bmqcXGrqMaJRos0
2783,58ssSwDUSuHWpqDk9NituT
2784,5s9eg98nIt2eb4Jr1ZooeS
2785,33YGepbVDBXZyqz45rqFuw
2786,7zcUlBQGskzXp3R7cWLfnt
2787,2AgTKAULjbHpqqtyI53hdp
2788,4zb4gmGzDYtlWMjmc1NZWW
2789,3DqP5MhotjHve8DiljKk6r
2790,4fu25rIwwmMT77lPjdWREr
2791,7mYcq3B0faiA5IvhDCdypL
2792,0Ua2XdihI6AeZtm2wUTnbC
2793,1lyjkFTJ6yxUyNYysWVBo9
2794,4N35JBVRFMrHiOz76vy9vv
2795,2ZuQKOQKGkmKpMD6QU6SoJ
2796,63fFCsXmRWP5Spr06X83Tb
2797,0zVIk2EIKAV136alfLWnQQ
2798,2esSqztHIhZfXup4PihEoD
2799,2czjXveZPf9X2dutQGlh2r
2800,2SGHbXwTsuIOoAdBPsnIDW
2801,4dmTD0CATCQS7mcrMSzgoV
2802,49o0se7P1QNHXkN0dVD4Ao
2803,4DhV1g9KTdkHnKVSOHPvGz
2804,5Sjktw73fCXEisILugMuVM
2805,0NS0zEAYHI9JxlPMj8hxO5
2806,43tHn5hSMMX2CeFHq3D4zW
2807,4L7hi9GkZBap6d5TUEMk28
2808,5WW91LUt9Oqkhzrg0Ao4K0
2809,1A9GHoaKgpio2sLHn0XKZ1
2810,5ICp41WijCKVXXtxS0BVx8
2811,0rmatVtakgyBlagEsfR8mi
2812,2K0B03FvWWojGBkAV2oUbB
2813,2jGhAyd5RqiFF6MzLvkuxc
2814,5ZJRA7Z1ikqestPhehGFMg
2815,3CKA7sBgINNosADWKbMq3T
2816,6GeHCNwwqMMUrpxuGTRYcf
2817,5sjKb72vnyJNo32G8KJWvT
2818,0qP1uAp9EbzchSzCjjRZQ7
2819,4UkQg27bRMX7hxxWZ5RHUp
2820,6KqThT2IhrDgaw07eEASyd
2821,3G1sWcpXlF7OuuuUSKAvDx
2822,6FF3m2vhgnhP7S00HsHk07
2823,52wr2uxuZhEtlupY7xA0Ty
2824,5XhMjct5IBKfbl0N3NsRac
2825,2wZdW6zXgSrp6T60vrXglO
2826,0XknMRA8n9e3jOFm9heanN
2827,0Qm70R0t9rkG3fQvqqNytL
2828,25NNQGZBd9oLAO1xTeq5oQ
2829,0O5PKLgLJKQyNeIMhQKfBX
2830,67kl5m0df6Bn0aSe3g5Ea7
2831,0HO6tgtGKAZTGGC7nk8dYQ
2832,2yavB1D084Q6klxlM9imGc
2833,353HFOqGHySp027oyr3aGs
2834,6oBCrRVCWpqR4YpNIqQRlN
2835,6j1Rz7FyfKBCQbxg6a3X60
2836,1OoBmTZfen4bel8hU8IwPN
2837,1nPttztaW8V28uflFOWgal
2838,2CWFhXauEFVa3Cjcf7dQ3h
2839,4J9Y1PwqwZ1cQEcJNsApDB
2840,6mvwYh9gh67mhfAsPPQBCQ
2841,4PbCH1KGfOiRfuOHqEuUB3
2842,1SloKtrz48mjFA3QIDg7Vl
2843,6gOXTTcyrdx2B0zywrURX8
2844,5Ukc6kTFxraBCMGY686oZs
2845,6X6h54A83llFQ0wcqn9lBy
2846,6l5V2zhey2M73MFCH0xF2P
2847,3gHvsTdiiZWGxEg32lyLwk
2848,6k1icnUbF3aMZM4P2yokMe
2849,6JlAOzNEYuPBZHf1iTs5kT
2850,6PInLY8JS59C9Od7Ygz8ag
2851,6oJD4fAaRtj1ycSRFSCsCA
2852,0SOFk5OyoaayDx3CH9qpB5
2853,1aw0h7wIGPbtVNEbnojRKJ
2854,4wiFP9Jd0yn3QWw5myyMTj
2855,0rNp9bSjTYxurpA1aD3yVx
2856,2wGRmwzf0BY422D0ydrjLR
2857,4jst3XMunarPlkHNKuwCup
2858,5Uy1VKckp30g9ZLnzf7HLe
2859,1Qt9lGRPR8IVorUnjscB3u
2860,4N3yGHREKpScrwpS3Wv64Y
2861,4ioG1W3KU4WBhYlwEBp7BA
2862,2pgfO4RB4OKnBCDMybpgh9
2863,6p2pqoeFTKT2c5tPqgeGwd
2864,1exGH93j0Z8EdGVQehvEUL
2865,6uZmyfwTfzT8v93PuvQrgW
2866,3bCGjEpp17jWKqyKzATiny
2867,5FkcIXHuWJSpKUjTdkSaZU
2868,1KDc01X8ZF9VYqVW6c4lvr
2869,6IFlJoyD2owxC8cLaJWZXq
2870,1BZoqf8Zje5nGdwZhOjAtD
2871,6PE70pAgp4DeMmv1SdI5Aa
2872,3FsCGJY0JqSxvgezoMWYzF
2873,71VPCdeQQs1dmyVbflhPjX
2874,1fuh7qN7o44yMHau5REGQa
2875,2LmMWr541k3mm7ZFTngOGG
2876,2TN5Yv3Q7vjlaVYtlljhvC
2877,3mvWfqa4cceoGyA7qECPWH
2878,3OSID3YChn6nOjfUAlSXQZ
2879,1J4VGPOpsMoIStSQGRpbh7
2880,7f2uv1aSmzTMlPXDFiZCra
2881,0AJaRBLPuUybHfdJi87GQP
2882,0Nk2ClpAEN3dLyzpKDVE2v
2883,2ydmGsz8W6qDq2UgotdxzR
2884,6WpTeB3ckAE0Z5SRRiN2NU
2885,26gFD7tL928WDDcse3rPls
2886,7ulHRBCAipnGUHvnIEt59Z
2887,2Pei4jzhzQtaqGs9J2fDcS
2888,6ZnMFVV5HDv2xmHG7bn7et
2889,5o54azNoSXxJSqiLs071fG
2890,418L3cQUx3kV2zxHJc3DZW
2891,1Mdy7hhoQRYdVrHzYnlUee
2892,7IO9UObUD76ZCLVu3ND7tz
2893,5igW9I1J6tjmUWHN6PGLte
2894,3UsJV5yxzjuPv6O2pfjPSU
2895,1yeDV7X90786bx5yIhecPK
2896,3MKvhQoFSrR2PrxXXBHe9B
2897,6xE6A0Vwd2LmopR6Mn8UFG
2898,2oL7uPcbVkIEOV3oCIfC7K
2899,0aLzO8tKS1yDCjxd68G5JR
2900,5I7EYZ1edjUbfyY5WR3l9X
2901,3nawsgthTwlZbXoUjcWoaH
2902,3eTZHw1uk4Rxv4H44blPRM
2903,5zhxg2be3qhVYrsCCS96hj
2904,5t0IgR1t1Xn4juP7Fb65nb
2905,0FQ1ab1KzaOpZWZBFNNpzP
2906,1cvyT4p26JXJicEBbHPzvX
2907,4dxBNRPePGqky6mIKGAVsr
2908,6nGPSCWlm9qQN1xfER6yJR
2909,2wW0v9XWjEpUjOLpz5kJY8
2910,75oGBjE0TVxgdiXhU6J20M
2911,21EglTSwzUorpiXpMBNW2E
2912,1gUI4keDXbeSil6rwY9qUm
2913,1ltHZKTJ6YdBJNXO38wnVJ
2914,2TEXk6NfVZzZSupaOw3qWY
2915,2icp3703nu9fGZK0EtM1lj
2916,3oUoQ0UH7Rv06x1kpSjS36
2917,10nO3EJJDMm6j6d2uK3Jah
2918,0WvwihMfA5E29MrLyNpJYF
2919,2KZVgXZ1dcKXq1o5JojECV
2920,1jlbr51uTL95Vqmw2G8rpA
2921,2dHr0LpUe6CNV5lNsr8x0W
2922,5zWXC2b8AjGTjra2FCbjNR
2923,7ql2A3kwa0MUy2vH2nMf6d
2924,5Y2uS8r0I77Weq6pKZYQVS
2925,1DnwUfn1lj7Zas2vNNrhsT
2926,1JONI5iGkJhVgXEMxdgjP7
2927,3CEyc1EGd9cLr5nuydTke0
2928,5eH1GJwSmZXI4Xebe1A9X3
2929,3Y09f2G5VrzeEF2FmwF0fq
2930,4cX9MC7ux9AJMi5D5kEQar
2931,0zjv77i7F5nHPNQsERM7uV
2932,265OEkRcX40ppxgHGuu4cI
2933,4zK2YeF922VXfzyxFteIfT
2934,11SMu0CbO5sGnTofPeCf1r
2935,65RSeti8MgFzLE2HZsE1sW
2936,4hSiiHafBJ6UxO7XDvylSG
2937,1gKAuYWacmDF9bpHlLBLcX
2938,4HG6DJl11FkgiGd0PunKD9
2939,3TJyoj7nUv18q20XnTxtz1
2940,1tiCHRx9AI11hfcLmkGEXT
2941,6CM5qhYBvpgYNek5kYwuOJ
2942,4KzJG9VVC0zxlZrRqJTCvE
2943,05M4D21SfBJmv8QVxvjGgr
2944,6F7pAFd441t7xmlYit9I9L
2945,11IoNT8eMFlZbxpJZAE79H
2946,6ZWL1xSTEvqs5A6dBh8vZw
2947,0umXnJRqobrCwHOlWlHZc9
2948,1awEytw0zDk69hjDu7U6nh
2949,4IJsz38bUJjUXkFBhU8icl
2950,0H8mi3L1WhpoHLazbvSehN
2951,2XQAWJfSFWUFxMEUj0HkpI
2952,0DMUhQwPVHsOtrJoQScJzQ
2953,3nB7HxPBetjWraGq5smFUY
2954,7Kw28Qg3OeGQiGso0qyONJ
2955,4wYkDG4lbvtVswFs1ucozo
2956,5B4DdUiOdsv70OGKuoGD3x
2957,1o8ALd3gIx7cihsWeetq77
2958,3GDvlyh0PMStIMTBV5ri4u
2959,2bG43ONXsXeaYVEJNP35nV
2960,74jYy3DtyTfSVyxQUcsTFF
2961,2w9KjhjN2oMGhEvE15HK5T
2962,6D0Hs5x0mIr613AU0jOSM2
2963,6F4ObGnJwwV5W4uLFHnNoT
2964,6EzbFdrwvWpnpUjzrR57aU
2965,7p2hsQumrcAdBm4yq7RQtR
2966,78x3iY91UG3t9lwnmFv8F3
2967,3aTuW4BtsyyyyQa9LKqj8n
2968,3Of6keS2v8rswXvnBuziy5
2969,5BcFOLlzBLEtGAWC4GnKtL
2970,255y0FUpZ5VgDRDrSh7FiT
