0,4J5QtgOhv6tPCsxxifVskj
1,7mkyc2BUahNfo0orKzqNGB
2,6kf46HbnYCZzP6rjvQHYzg
3,6X6h54A83llFQ0wcqn9lBy
4,6DAmZeinawrXXeMZftok37
5,38yjg5RAU1cmxxtRedCuTp
6,332QbqPExRg4M0G0rtXRf5
7,7vjwAmtPyraDahxmS6X9qa
8,1ucXfmZmic2YHYMlhnIhxb
9,3kaiwH8r6Wg62D2CxOr0QH
10,7ujjNbAACA0oxsQUjsLCuK
11,5WkCcZVlQGXchpo6vEbM0d
12,3zNqUEX6A5huPZu5y2bw3C
13,4cj3HwgA7wk89PJW8sMpDZ
14,3t2nEfRZ1um6Spqw5P7g5F
15,44jrX3SThj7pFjOzUTLm85
16,6Jv0VIFX5CMzxAK6JwAB23
17,0IWFcaf3F7G14ect7Jle0l
18,046toK3mprR6caalRr8Vam
19,1IQmCioMTatFSX6biSISx5
20,66LEmqkDYl5OFC62EA5M7q
21,6D9kjJvj2pdYEfjkJZDu9s
22,3gJ0PC2xl11nOOA02b62z8
23,7jxrYnrAa06rekcs1cxp7i
24,0UoIEoMO8GchrDZQRSIzmI
25,4tQSV1ZGpwlo3dBiTRuKvM
26,30EDduwWKqnJimrzIks9QW
27,7kLL9GB9GdIpG20fxxDPtA
28,7AxDMQqb7zoKyttU5Vg6c4
29,52wr2uxuZhEtlupY7xA0Ty
30,7w6JfcM0dR4kx7W0izCGIF
31,1VUlxoPvDA8PfUDHTic793
32,2HOl8gDiGGpt7wsIDi9jy5
33,5OsHMGOg6lRV9REoVxbcWA
34,0BwYq5h0gwbULEfhE10iA7
35,7bn3m1ITj1519hGSJdKmd7
36,6OJwRlSFCcsyTRwcV1ewEC
37,1Bv2ed3L8RNSOlvaHZdkzG
38,0Qm70R0t9rkG3fQvqqNytL
39,0d1BFY8z15vye3KjtLvF3u
40,7kehgKTU8wOLxIuFOMqlFL
41,36gXibm4tfQlooJaaChp7d
42,255y0FUpZ5VgDRDrSh7FiT
43,3U1UMHqTYQLRql3qWQAUEc
44,0x8V30SsjfBNY2PuQ9TO3w
45,46XBzeLaL3KffruoUiGhRy
46,7bgboE8KDLeDnx7Q7RJxJ4
47,5h3WJG0aZjNOrayFu3MhCS
48,4XNJu6IYQqODqryQy8KjPo
49,60dkMXwuRlDMnOis7Y4L2t
50,6leMaZ0zkY8BBX8hwfALMD
51,5EyEI8tm60S6y2YKbjE0xI
52,0msTohT6kPhvbuJzUCWuoH
53,1ioMTXnkfMguG61awEjYTj
54,1XGGeqLZxjOMdCJhmamIn8
55,1OUi5pnJVg5guQNCi4Hw8W
56,6PE70pAgp4DeMmv1SdI5Aa
57,4KzmvDBdFcWPU90LFBPiXu
58,3yB9FMGP6BYbRo6crRhgoY
59,1R6vbGGXSEZZmTGn7ewwRL
60,54eu7XkeENwY30jU5Ns3pg
61,5iW6USNkUVgPYVCPhoSXpz
62,6U1xZAotdbsRkfLZG4tjdi
63,7pnplSgRtopeTNyCxBJf4n
64,6GXucyDVunCpe3OCoVo1xA
65,262o5a05pMUDSV2uzo5EwQ
66,3RjokVpEMWreOuyN1DBskW
67,6mdPxVCQqK8BssQRF0zNZh
68,1YCRXKLDRB0UnbrFUJ4F6e
69,63fPXLpTxvDR7LgSOZIaly
70,0dNCFCDulXcIlsUneXWZHp
71,6FU20y55c31IEB6YEFzeYB
72,13IKhlfq1P8AEjfEu3s8yB
73,02KFVEA5tnY0YnypmWY1tz
74,3huCT9ebhLrCuzh1ax0ZEN
75,7uYAa3GMb8TSsK5lKE3Cbn
76,12pnVAswzLE6hArSl0bF0h
77,07mp8eAMDeo7dnjlFu4Mvs
78,71VX8yv9T2hNIYVZJVUWVp
79,5ZJRA7Z1ikqestPhehGFMg
80,04r9yvH25PwePggAYZQYq8
81,6ZTl8hHvYNuEg4Mk8yxz75
82,3LByoNjO4gbuX5D0u26LDY
83,5zdFKRmlSDwAMZ5NFVGbx9
84,
85,2YltjwKulQeLRj4C4O7M1X
86,6ZFUMvnLkGErstI6DWISYn
87,2p3G9d8faqYddxZ9B3xANG
88,59zpaLOByFkJhc9D5Xqna9
89,6uMVAiciTpTyrQn5QJDPJM
90,2nyOnMxNFesS4LgbiTJLng
91,186QXLxMTW4Caao4q1LOPi
92,75twy9AvEztzakeABq55jd
93,1mdbJt88iwqkl0zEMGA8XH
94,65RSeti8MgFzLE2HZsE1sW
95,35obNd6fbY65iCgIOSkyN7
96,395EvXClydIElIo8YXrlkA
97,7EPmezGIzLHj7LeTtLYhJZ
98,1Mitno88QtPueD1IWzZn8L
99,4OtCzrYbNZp8c5czzAJeUP
100,0sf58fd9cOtyZEQgnE531s
101,6Qe2bUdGlt3E2F9awVwWN9
102,3o4YQXkZ7OkDDPL1S0vEcS
103,4r3TaXjF2b1qwCpxjIpW43
104,1Lr1TMh8vcdD3OvrzQTGVn
105,7c46u4J7WIam1smay4eb0P
106,1RroB11mvE8ErGgTELQrPA
107,6ZnMFVV5HDv2xmHG7bn7et
108,0umXnJRqobrCwHOlWlHZc9
109,797fkvAtk0iZvP1HHPCWbp
110,7J00bTQv6jCrPYn3OfbE30
111,59HfislZ5AH1pHZLUPy0Dm
112,4meVJvSnundOZ4jYKl2aYm
113,2rhZNMom0WgyCfamtuvsKZ
114,4XQRSMdDwj2LfZS1SaQoXB
115,6mBVdi3OYfVGmMiT4jXkYz
116,1hNdA7lmK8KNVq99faGmbM
117,3PxYZnSPyWMf0RSFv5ZVax
118,55EVUWT6xhtsrqm14VZTSw
119,6Bq9FHHUxCUZalaQ6YwGjy
120,72tSmaRdPRUNZtPT5hcyYb
121,6pJciZv8HMs7imWW9s9J6P
122,7zf9kyxc3ZhJv79HrjTRir
123,3DZzuSsNXDnubnnu3BPqgu
124,7u5HspV3ujyrj902ob70LR
125,2HLwLpyTKv5C2ezhxYuQ5U
126,1nvgqcbwEfwX6sNXHghIKD
127,7BtkpIm8Gm50ocm8l2Iu5V
128,6seO2kGWhFKbe61aNvdB12
129,2zgb2l9pexGdZkM5pGuwb9
130,1kX8DoiYygZDcd33aEOjTi
131,1FsFHXroF1ILBdVyBRMt3A
132,2oL7uPcbVkIEOV3oCIfC7K
133,5I7EYZ1edjUbfyY5WR3l9X
134,3MNP6yEmCAFruLe7pAGKCu
135,5JqlAl0bi9cnORNubLKQVI
136,4tokbQaFXRrq8keVGBD9vb
137,2lbwrVeWzRLYwSEN4Z4wOI
138,1MCA50GzswxscAouRWnrES
139,7BJfRHX7MdeZhzH4IzR7Kw
140,47NRe9ML5KLtsC9kEys3rl
141,3myGgrJRE2yrEiSxTqf2Et
142,4W0UHmB35BRaSp8gge7x73
143,3PWTw7MPyvU80Z6pDgHUaC
144,4rMzXlQ1gFfjXZsTFnFy0Y
145,1DjNI8qcZMuWSCgaqT8SJK
146,2kqn09pydzvKvB3xWbAxY4
147,7ocmhjfBKajAqVxRLgs2iL
148,6j1Rz7FyfKBCQbxg6a3X60
149,267Oyc2f4oyawPYto13f2S
150,1RU8i9ISNQ52Vs8msq30C1
151,7zURSbIVZ5vl3NIKkrVRvl
152,1v4IuDhfydWiuNVjXxuHTw
153,7f2uv1aSmzTMlPXDFiZCra
154,0vrcSt6rPLIkzTZIqN81XD
155,3rqqwtJE89WoWvMyPTvbZc
156,1RFmr9Rm65BAUNrSXy2UwD
157,3AN6bxtkeJU0kF9hDWSmJ1
158,5sE5skvsoCm2wfERTgdxql
159,53gOm5R7JN5DAkIuZymFOZ
160,3xybjP7r2VsWzwvDQipdM0
161,4BTxjA71GT8NDrdGKQJ2fh
162,3dsTU7X1kjsyGngvZ5QACA
163,7csyD697uAdgFm8j9GFcLT
164,68LPoE2EfeEnWZGMAOB3Cu
165,2eBu12ZC09JHybCstaz4vL
166,7wFFgBFdFJDvAM8ZHue160
167,5C3uZS83u9pXWFEpl47hWb
168,2vUTaGok5i6WPIgVPO0Brg
169,0lUL92det7mZ4DaHYmiUEC
170,3KAguv1g8qM0iPx5Z2cd8u
171,6p2pqoeFTKT2c5tPqgeGwd
172,6kfB3WTt9YOhOZnEIOTbdn
173,2UwJ4Nt10VStLczYefhcEV
174,5v4Vx9loqMQCS3J7OmP9pa
175,7kSa9AwcDQ6ZUScaXxp8zP
176,5M8Yvdw3908JEtUpEZ9VOo
177,5aLv3GEsYoPxQ4vSY6tTtD
178,52XLaAgw0WaMS5Ha98y8E2
179,47kzblYQZC439seeROq90P
180,6sDQacCej53Q43vZF9PJ8i
181,4E240gSAhzKIH9HDZKNKsj
182,609sXFlLHVfyO0lyFJw0dL
183,3GGeqUzzIcKgwnZVok6nMA
184,5Ep9gQGFYcjpYZ7KRUYWPI
185,1bik9Jmgy3hLnx6V3nvaK7
186,3DjilJv8qFQZJhqBJKSEUP
187,6HB0hHlIIn3jngBqILTA96
188,16KdSB0v7RqYwRjylZCpfn
189,0LnjgQoLmLfPFi30J7JtDS
190,2QRjnhKQgi4nz3kuqH1UwY
191,1su3GU4ws6X5bUj1dt1qsl
192,2AzFsL7ANckjBWqVIO8sn1
193,59AxnuxbVddWRb2KEBvgIH
194,7ciCOxjckrARP4Ngk1bLb0
195,2Vt4BvvmvF1O7j22lxfAK5
196,4mLRYZaEEXZn5Ze3gxqtsf
197,4UkQg27bRMX7hxxWZ5RHUp
198,4IFpj2jyRcugt1yzH82m3E
199,52Buhte2zLFUEdbQFVsxNd
200,0knL5fTAXqq9oq4Yeyibc8
201,2iTYFejcetRy2wj4BA6ccp
202,3CEyc1EGd9cLr5nuydTke0
203,3lOGuL8SgffRwxABgTOYIx
204,2JFiDG0ymh2FuAqZj79tTJ
205,2OFFIWlCbPUQTzYV12gBxF
206,6vV5UrXcfyQD1wu4Qo2I9K
207,4r9K3GGIOF2ayJ8rbRaKCg
208,6Dt8m6lk18tTFafSPMuDeo
209,3x7ZBAKLo5Crfz6WFHOZWw
210,1GYVNOzwhx1nMcIJDogSNp
211,426j4dLXzZygBoi0rAzE0a
212,6XDskCwojXEJFRjqEoCFuv
213,4tedCRHFkPOlzi6HR54tqd
214,3Zzv75PyROH6AMeXN1Yr1h
215,08AFpudbuGzUe3mLGcOZTw
216,3gS3Hrq5Y04qhPgmGPqnhv
217,2Pd8vlnULF9gwrJqbLEvtH
218,4jyd6oaioxymjjqnfyb3za
219,13fsGE9UN5VaAkETSs94un
220,0MXpE6m0mEK0r3TuERb9Yd
221,6RqurAQm8N0ZwKPAruL22o
222,7GU53EMnNGAT0ukjJ0WDFX
223,6MZYX6ylSeEGDL1DOXGoQF
224,6vk4cuSDQS1OhoIDEIu5cK
225,4c3IqJDtpEvmXPUQ1uN8DU
226,1b043pDnLPHKtTq00Xg0SY
227,1bCBZ8LedqwVYOLDLrRbbY
228,4tB9cJ50D7OJUKrIQO5xfg
229,6uZmyfwTfzT8v93PuvQrgW
230,53YiFrevPYYhVqOAVXG9Fi
231,4tpG2K3nqcrFNGBikX3dc0
232,6oJD4fAaRtj1ycSRFSCsCA
233,7GDatS6iAApwmxAvLMEG1c
234,4bJkHOqDJypnJ4jX6M3TET
235,46bJeU7OO4akKS81vHFzMk
236,2XLCIOJfUC3Al2TURPqW05
237,2k3EzGltcfPfDO8SlIzn4m
238,6KwC7GaK6R7Uphby8bnmqk
239,0bTkYfBstiSW4maInjgqVi
240,48IFY1wERoy8Lac5FuXHpc
241,3KguAIBPMKWy3ymjY8pLEj
242,6df0qvkMXoyHGt9J8cujZb
243,2IGKisSgNle7264UoY57vO
244,6Dy9a9Ai0imqq2mekGxxYA
245,0js0LifyH653EoIQos9xv5
246,1UejAQ1dWwB7FWDmJGlUNF
247,6N1y1a5qnqN8pBkizOdMvk
248,71qxIkZvfyFGQKUe9YA0ry
249,1jlbr51uTL95Vqmw2G8rpA
250,5ICp41WijCKVXXtxS0BVx8
251,1nzUj7VkiaytMmf2KrhK2L
252,06vukn88R2dOCd6sfMaogd
253,7IvmRtuLsTlRZhRS6KUQRn
254,49gaz5rhWWgqCw61M9700v
255,3zBsCYv5F2ZbKd6ydcAZJk
256,1xiNidE81opErvD3TrLxQ2
257,642lVmzC1pRc9BcWJATWy6
258,1GRrUuRkFBnsN8GPHDQrOY
259,3eYH0HYBL7itgwZu3JPazS
260,5QtVyQ6zY1MeSEwaCscyHF
261,0nzammMx8yd48selZLWfUx
262,08hzIHhGuEgo1l0io1pd3n
263,1vLagTg8niJV2TAeVecAIr
264,62SOPiEiBCzUTuFLGmtkz7
265,708kDa6raFC1CFOHv2t4lf
266,18XFe4CPBgVezXkxZP6rTb
267,0EPbbTdPkqx56u9Px0diOZ
268,6qP4UnWRNlBMdsqanPhFuJ
269,6UPU9QsaTK2RZfJnBJoHlt
270,6qloexkZSeSvVxozZyawgR
271,0fyq55c0lsIIp6j8VgUxeO
272,11FQfIddM6kxd4nCRrPGAx
273,63nQw5QNKBUAh4bvqSz3rJ
274,41DvEtD9Va5kMoPc5aKVc0
275,16OC7ocDmvdwt1POMJY2mi
276,3Yj03W2O61KblOPoY7WURO
277,4lY5cNzaowQ6N7RcEiXDma
278,45IcnOlgrZDKNwwbNO7CAn
279,0Wxby36HmpYMl0cAwDn8FX
280,6FJyyoixllClWvFr49uHCS
281,2pgfO4RB4OKnBCDMybpgh9
282,0bwlrhBRjtqdy4eTlfg2UD
283,6KvLHOtpefcbqclsdfkQxx
284,047y12GiVsTCSuYZkmboNM
285,39xhYyNNDatQtgKw2KdXMz
286,1EXZMvtVhVS8D7bjGpk3nl
287,4anmaVcmIMst26aT7xfKf6
288,0IoiCReUTgS8veAp98cHIA
289,1ImqgYGNjfTGYEfQMYYbRs
290,4tCZ22E9RnUz09OaDJfaoO
291,3j21GO4l4W0w7hdF8JVPmo
292,3r46DPIQeBQbjvjjV5mXGg
293,3qGeRY1wt4rrLIt1YuSwHR
294,3p4PWDPo62rl2FfpvsrEdB
295,745wm87LGZxRYeyGM0z96J
296,3fFxlhZZD8x7BF1kYEQRqO
297,5fOMATuYQp3StRe5ViADAH
298,3aEdbaJGWXbBxn79DgjamF
299,2sFObDkVMnNXiBOUE6yef6
300,67ErXRS9s9pVG8JmFbrdJ0
301,0AK7woKmcPwiCyv3SDiKor
302,1gNNycTzE1nQFyWTmHx9w0
303,5xYelOucTX5yIB93L6CVo4
304,0u5M5K2BDNasZya509hgSh
305,5EITGJvW9atyINyyiyLrcg
306,7cfUmjuHPnkWx8qziB176I
307,0ALwb8VXqtdZuxpqEobp1N
308,7ilMGv7d9zo5DF6k87qv7w
309,24OukO41ZcjNVzpVzc6bvH
310,3mk8FCB1EOT3IRrers5Zyo
311,0qP1uAp9EbzchSzCjjRZQ7
312,3TJyoj7nUv18q20XnTxtz1
313,26uSvH8YuW2K7xsv4zAxja
314,4k5sb7GI0J55nMSyIHJsXg
315,05csBMeliOTrGhti6tq1W2
316,4RmDIqdJ2mgmOuEvtnu8fl
317,2RpmZvo7tIJsMaxXfj33k2
318,4UUELgDMIhwfX1HZfjEENK
319,4dmTD0CATCQS7mcrMSzgoV
320,3g8KDFecnLPa6YiBdHTl8K
321,0MihD70HInk2rDaChdAdEy
322,3QZ9gSv35M8vfQA127l3vn
323,16nNpg9tlbPAzJA23wLChs
324,0fUy6IdLHDpGNwavIlhEsl
325,1NXM5lF9YB7a3f1e4R48oH
326,3Xo9ymyaGqiPkuY9BVFM35
327,05LEST8E8mkEIl2LRfUkcI
328,1Obf8Cg02ztGSj2z0Xf6hq
329,7jQPy8GhgSuT5A54pb5sHx
330,27YzHBsMfq6RvPQxWiK9sC
331,3jknvlUSe6D9Oyn2E3JBLO
332,6LjraWic6Gwg9xp3rfLt8I
333,0XknMRA8n9e3jOFm9heanN
334,7gn8Iq3Abd90DFIuqvdnLs
335,70cDq4iTenJ3Cfw7BULRRH
336,21EglTSwzUorpiXpMBNW2E
337,2MyUrB5TINFfmDoXQZN6L2
338,6YKk4wlKdACRITGKmGnoIm
339,3Ezg5SiOQ2Yz8Wg5uKK50V
340,5FT1DfAMQ8ewLsCP6c8PtF
341,7uUSSIjO3JvV8U71TaSASO
342,1yyCXBEu27Ia1Y3torWIwC
343,3s4uzffoGode9dbtELaVEp
344,0y1rJ1B0Q9MqxX9Svuyuyp
345,177byugYOk12NcfRtWvghY
346,159XL2dOUbe7icvavghLkU
347,3CjuTytLZz3G9znXt2rJgU
348,2KQcFObxbIV1ooPbuw8ixt
349,5RoRdEUXQAx4L0XIZLhRnK
350,5PPNxv6JIIMyINctbKtsvW
351,4l6EPpP9hjQrLb8qNB9eC5
352,2NwAbsKSl0jrpFw7nyeX8v
353,5mfu4PYgYHbDBUvfCcAMVy
354,07bIdDDe3I3hhWpxU6tuBp
355,0NzbSqyQ70uJyPRep1Yg6L
356,4Qt1ZvWZ3DoKDimDMesZd5
357,3SNpwvPDO9MfNJCJwhNCd7
358,0zWZX428gMb9vSBUMRdDiy
359,5Vmz3pIxG7Dsx7fzHgtyJB
360,3j1xCJdBMCl6wYQXurz2tb
361,4YV8SurDnk8sctOOZzYtbH
362,03tgCJ19ar8hr39aRSfUIA
363,6tAgtQu2f2r3A7SQvlDnDY
364,1oFucub5OjyG4XPsDUzhil
365,5nHZP6EqmhfNwxe71tpyKn
366,33x9Ti5I1YsXkHyFzr1lw2
367,69RheqEskuIlRLlDTcqIeX
368,4BiskzVSqzt6CDQgMJw02X
369,5mf8tqFkumabKPEOX7FH9o
370,2EL4Tqtj9eXAjxcKPDIyu1
371,3WvQpufOsPzkZvcSuynCf3
372,6SWdfj4spcCkkELWlOKSHE
373,302R4KlFy873Aq7YJNPHWr
374,3h0nRsrFqItNzV9bKOFE0P
375,1pA5jOBPSyCLPBRUU3Io6Y
376,6DGCEJKSnaK626YgoElkjk
377,5qBu7Ab6alstSCAzxTJMb1
378,5lerjk0bthUa3F5g2K3GrU
379,3Ds7V1bNtWlu36MlxGZVUz
380,0nnFac30YlVu2aB0aFwxPI
381,03YrYONuI0v8UYs293Myn6
382,3tFjhFPqGhhLrCULnPu7Wy
383,3PtSz6TrO0LMQOjDd1RFTZ
384,5SKnXCvB4fcGSZu32o3LRY
385,58ssSwDUSuHWpqDk9NituT
386,265OEkRcX40ppxgHGuu4cI
387,0VoorTgcwMRROTmmZlxPSG
388,2eLpj5EDUhyAoTks8sxcKR
389,6FVi7t0V4V77LgyvJaCAyB
390,2O3OKOYCub892PUGprsaQo
391,6nGPSCWlm9qQN1xfER6yJR
392,3zipQHIGq2XDKBQDEpdUzM
393,4AqJY8SxoiR6MWWfawrxVz
394,4e2Zba2HMGxkisaQ1ihNqd
395,3sBSX8EVrKU7w3Ppjd0XBx
396,4HnVS97zGZPkywAV0n48Rl
397,7eJt0QB6bN6JiqoBTVO7KS
398,2K0B03FvWWojGBkAV2oUbB
399,6Xz8eKy8TeAyzwGr8QSOAS
400,49o0se7P1QNHXkN0dVD4Ao
401,5ZbzkiTZQen4yWskVZnTCZ
402,2bXFyAk38U6pWDdsqkX6pR
403,0TsnkQ7QkjWKIK51Ud80Y0
404,7H09mUZVBISZTRsbzsCNfi
405,33lk2GnP8cJzl7cd1OJrXn
406,0mw0v424Ribwwrt0oMVB1j
407,7DWz0zPWRlCDt5H4OoG5mN
408,1ZDzv0LNNtO5R8r2cqa1FC
409,3eTZHw1uk4Rxv4H44blPRM
410,028H3bu5WNbsEji5xXrn4v
411,1hsJi6f6wtLyCEweaPOTGw
412,4SVTdeKqXEcmURWj9KCWR4
413,47LpgGVshd0tbFSbm9tTLb
414,6bPbKuFNW6Vausf1PExvd9
415,6GqFEQapTNISiMI6lytaKN
416,27q3JlNTwpv5Zvf7yDReHH
417,3ZkjH0MLsSakiF9ef0LPYr
418,2rjXWUlGeNpRWNM7kIP3ia
419,5yJLb2tN0BjKL49SDEoj1e
420,3nQBU1EusuOXX4WaCOcytg
421,4A7trmGN4bIwQclq2TgrMX
422,1G8SXUDxdrXeclP6XI5lp9
423,6pDbaWwmHYv6Hr075nfcer
424,211cmD9AlnfpVTEjhrokzl
425,3ZpAmjvMEsr7rsiTUbSS0W
426,3BPX4x5EQOd9vzpPC2rMrm
427,4aHyt9fwGcyZBqvYYiviln
428,6uhEg4ASZYLIilZFCBFy1r
429,2suR5CCbtL2Wq8ShFo8rFr
430,6ZWL1xSTEvqs5A6dBh8vZw
431,4if4IsX36odNlcZF2kqgt3
432,2jGhAyd5RqiFF6MzLvkuxc
433,3OSID3YChn6nOjfUAlSXQZ
434,52AKhKgiYZfuEWO3KCrQ4D
435,5bHxyeuWjtJeYHp4oLSkh3
436,39944ACXhgHs7gjXa5HehY
437,6Pb7PMZtW0fuEM1lCGvCDu
438,63uxYglJtSneGlHf5MKWfl
439,3VTNWsdPxKZjJvEY87GivP
440,3PJ4ypfvzL3S6lGcQHc01m
441,6FePdYF8RNzmH05uXIMW76
442,3raeLaYMyhfb67HgnnNrsg
443,6HvNCIZj3oCfxz0j75HaIZ
444,0RUMqfsJFQeWpck0iUIFxj
445,0eIUsIe0Bo1gH7gld8lFbg
446,0TdVbKZBEWx4nk4eErps7G
447,33ichA2TzIOdW248hRlqpH
448,4KSSYq1C7rhg84anmu1Pds
449,553dWgdmE89xioa8E7ftjD
450,278c24ae4JsSRpOEzlaghQ
451,3YuHePPmc5VN4usLuIBT91
452,2TBJtc64Y76xWs98Mtko07
453,4l165PoCFHBzfg88mpC68n
454,0JnN0ZgNrYxz3Gk725HiAd
455,2RPrThumHrbBafZL7t33Ro
456,2T8UlI17u5hwTqu6zkpkW7
457,3LFrHE5jfonwd79oo6bCSq
458,21v5FhGOI0EjdAFyxJ3Q8l
459,2y1qbTzCWLTW1nJrReb4n5
460,2amCTXV3JjDObBU5Q2x6VK
461,0jH6iWykjOuyW7Y8zNKMBk
462,5cqa1Q0B7z0fUwCmaxjYSu
463,0Y9i5YM95iEHAQpppUN76A
464,1zHR48K6XtWYm6bhrw4J6C
465,2nJapeqTbOhnhHUhh5tzpB
466,1qhw1dtmpkfCmNbKWIDngQ
467,2LlpsGgyRXwpGYSrD7yuFQ
468,7M28Ejbd7r4lT46KhpRwhj
469,7k3BOYZVMerwnrGSTBPJwD
470,5jNxWuqdnchBjdoKykAsY7
471,2TbrXjwWklhT7JrC5sdUkf
472,71xFWYFtiHC8eP99QB30AA
473,6HiGOyRSF5SiFh5Yv5mEu5
474,1YgekJJTEueWDaMr7BYqPk
475,64LkgCfNbLqjclQYCTid8L
476,4DhV1g9KTdkHnKVSOHPvGz
477,6JaEv20qGvSgIHQbxwtjUu
478,3UJW1p1qiGScFrGKLwBptB
479,3JgtFZroTUGoklTtb2xOne
480,2HaqChIDc5go3qxVunBDK0
481,7e7t0MCrNDcJZsPwUKjmOc
482,2IB4u7CExI80gM2KbkDtDp
483,0U5DeaN9Zl0ONckS0I2LnI
484,6PInLY8JS59C9Od7Ygz8ag
485,6zWRphdl26OnCq3Lnr50SG
486,2MDU46hcBn3u94s46BOSdv
487,6BtFnL80q39q0OcSBroqwy
488,36eeYpoQTi2Tu7UuDzTCkv
489,5S0s4VmWQohYIugYNxRnc8
490,63ypakNyLDCYERVQz17caO
491,4I90PuuX5yUO0XwWCfgFZm
492,2yX9XRiHDaZ3sigpGNbaFt
493,0EVgPaKOC8o9JFVpKLMSoz
494,0j3OpOzAqEQ21GCSKX57IT
495,0ITj4WmlPwOhbf9XFf0HjX
496,4Cr6vlJh83a5Eby9DZRPwD
497,2Mu1dvefR1dwu8SJgySXQ2
498,5TL1mPYM2606mcDUemHNdM
499,2S8AWAM0nxyFy66YnUfIs3
500,7pjWbCevZabqDKwm26ggKd
501,7EvmUXEmIRkFwd2nPVmFiP
502,7xHz8JdwgZc4Vp1Nh5NrNN
503,0IOZCTHj2A1bny1pLo4uRh
504,3vjzxmGGLKRNws3aCvx5j8
505,6hTlfMRAEJBMyETemdH5Qq
506,4AabsQ6plH3OmdE6BWI04j
507,38DGWtO8kCuW0UvkQcYDdA
508,3Z5H4nIHyXElLVgjs7Wsy9
509,5pMiGO7ETSDq0eiOLTKhRN
510,251tFbDekSN0fthVyqG7sL
511,3uGW7oGIKzPpAwvUnFCGWn
512,4ovaF7tV0i1Vd2HK3RhG1Q
513,4BFmGmjtHLqh9ol8W7g3WL
514,4L7hi9GkZBap6d5TUEMk28
515,2VsNOXb9DdDLOoSnkVdskE
516,7AlkWaAKTXP9CKJma4Lycy
517,71VPCdeQQs1dmyVbflhPjX
518,2GY0ayvMutwRCmDwuISUw6
519,7ojhZPBtkio6s3axl5U7Fe
520,7fgZjXoVVyUR64nHugTiWG
521,3VH9BRaAzvy7n9X5DNdHxm
522,65LaTW7Q12QKrF9xcMFN8M
523,2v3xdUz73rd6Nness5SSIh
524,2ybkO5lYEHOiZlAOe1KJrj
525,33ls0tmm8ljjk3cuF14QyL
526,0EXLFY4NFNx4FlpAlFO7ly
527,0FQ1ab1KzaOpZWZBFNNpzP
528,5Py5aOEeAsp9oz7pD30wZL
529,0N3HnJ7Jw1VrfO5TnbNWEA
530,4OoNqHBpbgDoqtN3u1IdiC
531,2IyDwfojST8q3OwSA5wLWY
532,1ypdCwJwVaUHuFTnvvQbMX
533,6xLyv6QON3hOuKiqRKvNOw
534,3kV0i1qqudjf0PGawJ4jck
535,17jYVS8faKzBSZZSGyyA12
536,38pL3z0j2rysEu1ty0FExw
537,0GObizZXWThQ74JWmrBn5Z
538,0R5mXYqDe5V5gIyib69yBX
539,4APfg040MolcxyxDoS67ie
540,5Sjktw73fCXEisILugMuVM
541,7mYcq3B0faiA5IvhDCdypL
542,4Y0PrDckfFKxKaVXsscDLB
543,7naY6j4wcgUxfHB98G79CW
544,4r58Om6YuN9gjnHim6y6mg
545,4RRqzZEFULTx6pafDBvOqZ
546,4PWwqffnItE1awWIfLHwEz
547,1cvyT4p26JXJicEBbHPzvX
548,5YevC69TIurE8iNXuEH4U3
549,5EbpxRwbbpCJUepbqVTZ1U
550,3GN1tT5enSZQ6lMDtls3an
551,5fPat8IjkbKuwk27MTQIWy
552,2cjb94ReCIDfak2sqzEcoB
553,3e7vtKJ3m1zVh38VGq2g3H
554,1jAxVdQ2FFtbHu6kLNM0au
555,6KH0I5mrNXDuY7Z7oSeGOo
556,0M2V8NYYyOBtj49lZ9Tvsl
557,3Jt0oBSkfXOZdzyIzv5tt4
558,19DGkH750PrQMMnKqBAxfY
559,3BDYBcdbGVRIDxy20G2Mp2
560,1Qt9lGRPR8IVorUnjscB3u
561,18sKqGhmvXhfhgnzu3uj0T
562,0Hv5X7RRaM7F3hfAq0YmzB
563,1XCSEtQfTQmXNgAxSQFk7f
564,7no3h67ym7597W2K9sw9Qo
565,6a4HHZe13SySfC50BGy8Hm
566,1xNQUeqQbrXwRVUV5KpA7Q
567,5eLVoIPq7P3Bu29lVgD4x0
568,2KVi5YBlC0Gh0NiMKDZSpK
569,0tbfZv3qWeGikdX0QwMCza
570,1d2RS3Q3dIraDBdA9TikLQ
571,7lvkfeGllsua86JXtLunNG
572,1VKFaHoIvkZTzsSRad2jDZ
573,4eAiHYd3nih3os2BqHm0vt
574,0SVnQiFDcdqgQqtrZugu7R
575,42oQv8fbI5CbeuAasf2ILC
576,2h5LDCGJCWUyaoEXQZHky6
577,6ZkgLNCoApyC62eYrsKukV
578,21kPWkieTB0qw0ICMnkVKF
579,3StlnPpl2Q9UMfbUVjO2hu
580,59JiwsQ9p5dJWWcBEGB5Np
581,1pFaEu56zqpzSviJc3htZN
582,78GSLFGpqG8ra9QXiRsqpd
583,16kwdwYTKR7pJfyOikdYHN
584,2GPRyHEFB2uzrB8aFyAmkP
585,0zv9Yp2IiNxbav25dAyS6H
586,6Wsv1spcNRL8SMOWie5cdA
587,0N2uU96Vsuy7KJZY6T8plb
588,43tHn5hSMMX2CeFHq3D4zW
589,4kzII0xqiF6lGNVdNwGI3V
590,2gDny6NDG26azxuTbtNxgq
591,09kU2R5DyHy86Ko8xXfkKK
592,1ncKJe7KEBmQEpvTH9GIp6
593,3g8HE8pB8nq6DbHf71I2Wa
594,6RKwoaGftOUrIugxRIBPqZ
595,7o66H14uvkdLb6dI866lOW
596,0PHv2dssekAR5Asoj33Lbn
597,23nhRNDhIBcwrM3zAOsMO3
598,51heTwkSfb4Z5dRIgwU2bd
599,0ghmV5RjVMegvTMO3ybsic
600,6M1IwZsOOyBgmpKO75XPRj
601,6RBVbvHUbdAnUWm4GjyY7A
602,1WELnoLbD0VAAg1HvI3VbC
603,5qZNAZ5xJCUAiyYoETU0aj
604,1A3qm3x2HsHkN7R3qTyqHI
605,3oa90TbTT5bJwCUJ5fDmvu
606,34jEJ49vmY9S2xu2VOktWX
607,4kr7eM6jp2CaiqBNsLFgnz
608,2TNtdlv9YK1rscn1MgjqLa
609,0ENZzpaFgPmr2b8PFkizIr
610,5mNR6ArcSHyR3Jryv76QPw
611,2v7Gt7mkGcLMnlTJa97SPw
612,3oaGekoJ37K0waoYjDzaRr
613,5z7TD11Qh81Gbf52hd5zAv
614,0fEO7g2c5onkaXsybEtuD2
615,4qcBL5pE5hQPzcx0IoO9Y2
616,5LR9O1oZRRXBtMU8koWrAe
617,3tbAr7OCbuu3ojhSG6FPC6
618,08WwBA0maVmt0ZaMXJwVzK
619,5WW91LUt9Oqkhzrg0Ao4K0
620,1HiN2YXZcc3EjmVZ4WjfBk
621,1GoQkPC6oB0n9xQIdHCzwW
622,79EIRdmpPSIWfRlxaZdJbG
623,7t6Pr9lRrhMlAxEt1txMth
624,4pPWdULaRAkkM74XEH8565
625,6LKKOFzf9eEtRIwhfw8frG
626,1oGVsR6CiPtb4JtoywJv40
627,0znK70T2x4MXL8V2P6r9ER
628,0iDHkFKbWbYV0V1Iwcbm1q
629,1RcZMUVcZrMxf1shgPN4o0
630,5ll74bqtkcXlKE7wwkMq4g
631,1KOmHyNLuOe5YrPhD3Juuf
632,4oIbhyy9UZlP4JgN0IFciv
633,5TXAPb54vjSOGIX3nUZqeP
634,1ToPx7cV3wSt3S8YqyfZ1r
635,2AUgp4qCmDNbXaazqJgQ4G
636,0nnZITjiqmY50zHCP1uXZT
637,3vgVsm9GY3i39fZ7b1sqV5
638,3oUoQ0UH7Rv06x1kpSjS36
639,0RLn8okU4qCiN0PJr9CTQt
640,1Lymt1abGCr3J06bbnmWca
641,3bgsVjJf8c6zz6Ypi4pee5
642,1HftQWyKWoGsrmG5lRkJDE
643,66umo7LF1AUEdDsZyWls3k
644,3kqO8qX89Z5J2q3yn8Z7GK
645,1XslIirSxfAhhxRdn4Li9t
646,17XJoO2EQE5J7qGmO7XCK3
647,5LD66Gv8e9NnGsWjARxdzD
648,5c3XBglq8bF0aNPRFdx8X0
649,5EzDhyNZuO7kuaABHwbBKX
650,0cMxALtiABnT1kIuA1wgsQ
651,4REOi8v8eB2raxWyRlCyfq
652,4rJDCELWL0fjdmN9Gn4f4g
653,5y1VcYAEw525xv88JBDl2f
654,6iOCv7oGL5sGi2aVnRz2BI
655,6wb8FawIBCj7yJ6vU1NQ9S
656,7eRvqU6euU7879nxvhUBD1
657,37pqxCN5TmoEc26GWYvol4
658,3AegJqG2LoOQ7qkZnnkeJG
659,6KqThT2IhrDgaw07eEASyd
660,4Wq9dC08uEtSuGc8mFwC3r
661,6PQn1xJAsfSUbtKtO2O4nC
662,6hPxHRqul1yZkDyEVD4SwF
663,2PFiZ23ZyPTcgwmXk4X6o0
664,4N9XukFNkd9WJzgj78amdn
665,5WPXLBp8n4yrU9Zzrr4iq5
666,46xdC4Qcvscfs3Ai2RIHcv
667,6sPcgDto5EI6EBPc2jhDC7
668,7Mle8fqfjxEnkubFjg3mAe
669,5ks4uQKdCxJ34x8HF4Bxrf
670,74jYy3DtyTfSVyxQUcsTFF
671,0hfev3dB7JKPp52ZvdAu7J
672,1qCLlb1MSeZNQVKUzBKrP7
673,00xUnMv4KFgxTBvNMsUy3T
674,7cekEHNPgpKwVd9kJE9G8F
675,1p12OAWwudgMqfMzjMvl2a
676,7hzM3Sa8BoCKrNqrKJqyz1
677,1Cy2IEwCvW42a9SjuLe70W
678,4LlOSzrFLl8RdRRIMDkfui
679,5Tlv1h0eGzcLuRgMMYDBYQ
680,6IMZ9yk6cDlFlcwFihqDIp
681,4SK0pQXKf7ecYbn3dcykZA
682,1CsX72BYnBOO5n1a3xn8SC
683,6U9qVfkan1Mwhuz6BmCwHJ
684,69wWoJJTi96kGqzUh4TMSq
685,72ccOKjXflWyVQMkaoLYe4
686,3RLEyt7kUpB61bSBHzu4NT
687,3nawsgthTwlZbXoUjcWoaH
688,1exGH93j0Z8EdGVQehvEUL
689,2hEnymoejldpuxSdTnkard
690,6zM1MGaT78XpcGc1vq9u1G
691,26gFD7tL928WDDcse3rPls
692,0gqrRf9j8TdNnn0HngmeRA
693,4w1BBgCcUVv54r3zJenKpG
694,6rH1rQHaOuiSO4NHkJMrBv
695,4VBJwZZTWYkObY4o0sFffq
696,13dqeZcuXFqwpN3ma98nC8
697,3ugl2jPGj4el2Mohb9OuUL
698,71YB0UNuZJkxNI6UM8t8f7
699,5snUbps5KleLIP0cVI72lP
700,4XhdHEPifvpnVUa4S33548
701,7astixpVsPsvLfVjpd6tJc
702,1ZB3SAalE9o27Q8KvOTZGN
703,0aayFQHAOI0X6bg0GNQAYo
704,6iTZ0sYI0dPDNnVHG2xIZV
705,62aWUxj29N8Da3uV4yi20R
706,7LjgrgyzI7qkkYpEcWSHk6
707,2TEXk6NfVZzZSupaOw3qWY
708,5WS1g0cKtjfK6eDoSLdv7d
709,396N2x0w8si5Q8WARJA59w
710,29STRG7wIt5L41sGuCMeyJ
711,05CVGFPlWVC3WDwBfTzjca
712,7kuJ6wtlijDEk2A71qG2q6
713,2ALk2pdlC6CML1saXhz1Nt
714,7kDWQLUWrhRWru4s0j9bkE
715,1XEycvgUklYgcYEUf7vbij
716,34a4ZMcjzu8I9P55Jq6238
717,1Xqm7XzbgDoP1tyXkqMOch
718,1mLHPTQKr7GpCdrNPz8Owa
719,3sz6pssQf1YEOHYwlsjDRF
720,5shXPwiylHXFgHiQnAfYMM
721,5qA68nozNGm8gMYz4b96h2
722,44WNMwxQFCYRl1Mf4DxFCQ
723,3Bzyfh9ZBRx6lnniuOuMvX
724,3GbfphW7hrGt6XKiIXuZ2M
725,0lQvrzVtNpeNCBDRD1goF7
726,1YZ3k65Mqw3G8FzYlW1mmp
727,6eVaPRRd1K0vbHAuQZc510
728,4kztTaq5iUKFXuWj06wbRM
729,4tUQoXsCHQMfAMfPD7fibZ
730,0fhmJYVhW0e4i33pCLPA5i
731,78iX7tMceN0FsnmabAtlOC
732,3v2GjFB9V5kHgrOCXn3sI9
733,17T8CV4M48fbpx0npYM3HY
734,3e0hgc2RRFoprPoTORlbjO
735,3l5AwLKqQ42VJbc5lTuP8G
736,0SnnejMBMdgkNyS4XqJBL4
737,04ufzMEFtkj0qXhXSeN0kK
738,34Potu95HyI364JY9GLnrk
739,0YvYmLBFFwYxgI4U9KKgUm
740,021zMZKO2pUA3yoUQFW2uy
741,79BdtaUjuoNWFUdl3FbS0v
742,5djciKtjqkY9ZQ1OhKICXN
743,28BrFxsnBMjN689hOuf1jv
744,0aFNb4RDk2hmKKLa0bzXNz
745,4ItrTVfTGrNKk6J9OXKoSE
746,1v7yEWnPsVDcMUfwLDw2on
747,2HZuNcdyDP2IA2T7MtTWcv
748,6ugE8dVzZdepHyyGxCt2kW
749,047eACsexCMwUJJjlfgs2X
750,3uOEEa9T9s1lpoKzVCxZU0
751,6bNLTCQDWUNjnXZb9YsLQh
752,5Y2uS8r0I77Weq6pKZYQVS
753,6a8GwYiEMrXgMvZBvuBXrt
754,4dxBNRPePGqky6mIKGAVsr
755,0RJz6swVy14aEYYrZQebDk
756,5sY6UIQ32GqwMLAfSNEaXb
757,5j9vFsTPY5wKRdmZcuoUN6
758,5Hs43ta4vAYKRRRR7DKjt9
759,2zMzHUT39oZ6YhbdXt7JCT
760,4Wv5UAieM1LDEYVq5WmqDd
761,4nVtssCUZCfZth9XKkJJ6P
762,5pHaJ5OVQwzww81I7A0DGl
763,1XcjUvabEhf1xDvgs1mUgR
764,3Y09f2G5VrzeEF2FmwF0fq
765,0eDkilJPtjHJfmedXgAZ4W
766,6HJDrXs0hpebaRFKA1sF90
767,6eFkuEfykAUpthUiUeu3zw
768,2SGHbXwTsuIOoAdBPsnIDW
769,4Cu3nd9Ms7cLn5zdpz21TO
770,11kIpu7f0W1xLshyUW1z7n
771,4onCKKN1szjPnIxvQiTy9v
772,6CM5qhYBvpgYNek5kYwuOJ
773,4TdxErSMGpVsgH6csoiNey
774,2hwM2z7y5OWRkCZ9cPaOLq
775,2JFhzEKxoiMBi7pVUmWacs
776,5svfcB1dHyUWTWlhb4TihU
777,4PbCH1KGfOiRfuOHqEuUB3
778,4Fw4H5lfG6zcwHTeb8rVe9
779,5SlqiD2KdPBu1p3iiHt5Br
780,4hSiiHafBJ6UxO7XDvylSG
781,3Dag0qzZhp5PsguFVKQZuz
782,2jrEGBTYJEJFvEfVny3K1y
783,1UiPHgFputxSUssPibAVxc
784,1Ea4UfFW7K1UzbjkDVaPri
785,3xNlOqBSM4hmlO8SmcLXJt
786,5L6ETkYF4PeD1pSrAGKuNf
787,4zb4gmGzDYtlWMjmc1NZWW
788,1lOegkmEfMEMhHy0loZKXV
789,66XnoRQMp8XSqoNYQQBcRh
790,5jlE1zlhT3mEWw0mRpN920
791,76290XdXVF9rPzGdNRWdCh
792,72qA6s4fjF8Y2VX1UDMfp2
793,1l8BRCu17SXzWswmVSpQml
794,4VZ7jhV0wHpoNPCB7Vmiml
795,4p4mji4p6seBTW8csclIA6
796,6McWou8VeXcVNGQVOiqhZd
797,1KCuEhpwvrnnMuQbL8gCf7
798,5tue3HeaFm6XHyYXhI1kww
799,0M4lbUN8xRLSxqk9AFbhzr
800,4cZL0gsOEIOPLXdhc18vex
